path	bytes	sha256
.gitattributes	89	b6dc93633b9e7e696e1968126ddf11d23beecab68276268442fbe0e4d0309c1f
.gitignore	198	da43145d780e71f7289bd453fe14f6e48d8690d32eaa090cc50887647030f13f
CITATION.cff	772	51ea42375115cf623d730bc7f189bb80de269f77869afbe50747bbacd2e67b3d
compose.yaml	417	c67f1361d8b574e4fce2f42b68744e779ed622092bbff35636546eb137790c6c
data/ebsd/processed/ban_roi.json	3650	1859d9f6f391c11b9ec4e74ea1f168d605caa7f3027f20d424eadd8fd0a3f842
data/ebsd/processed/ban_roi.npz	98935	eb2146f2cd2799e9292f38f13078a642fdb9525ec93208bdfb8058b483fbe1f0
data/ebsd/raw/ban.ctf	3292004	5f1edca4dbc5ab40fea99789ecf0b7de5514efc60dd5977664f3cc65340f77f9
data/ebsd/raw/README.md	456	be00e21b8a6e8ca70347dbde3ef761ff3883f547abab299faf19881f29e55ade
data/fields/spatial_fields_export.npz	2734433	01f40f0da54238b34ff7b95c0540f3171ee38d98e13fc185f4049ad7048a8cde
Dockerfile	319	44954c29b2408f142ae1efd846a268e4e9205bade43909ae1bcf1be3be08eae2
docs/DATA_AVAILABILITY.md	822	73382aabbd9c440d9af7e49035840df21e4f517c53cd13da1827818bd58d2112
docs/DATA_DICTIONARY.md	2095	8aade1e2e774f5600b255193644986916c3988fe7ac19cb46da6164ee6236d7d
docs/REPRODUCIBILITY.md	2231	777a8e6a7f35b83976c9aaf421d06af8e88b4b098025fb4ca73c686be5bae08e
evidence/runs/ebsd_ban_confidence1_onset_pilot/config.resolved.json	1567	cd0bf4dd1c880ead326b259e6bfa210be5792e4bf67d40fa581396034ae96157
evidence/runs/ebsd_ban_confidence1_onset_pilot/history.csv	6134	b7eb708ebfa0a6d36107f30a205d8228f037d6d4945421a17d6f9bbd6a6fdbfe
evidence/runs/ebsd_ban_mapping_smoke/config.resolved.json	1549	d590bdecdf64397dc59dfc3bf6188ec2118ffbe8f65e325cc62560b6439cd117
evidence/runs/ebsd_ban_mapping_smoke/history.csv	1820	a25623a7791d305f7ba0a8910df842891ad1dedf958373221e567264e06c73e3
evidence/runs/ijss_ban_dt_steps15/attempt_history.json	114	18bd8cf87ed6836e1d3e006909d80baf22725246960531a966e45bcb0c9fabf2
evidence/runs/ijss_ban_dt_steps15/config.resolved.json	2168	34a7d6b8de3e04de45136a86993960cae41833660bcb90fcb20f2aa614d96f2d
evidence/runs/ijss_ban_dt_steps15/continuation_history.json	475	7c4dcc7ebcea14d43f4387940976cf4412fd914df82e868701a2793f1a79ab83
evidence/runs/ijss_ban_dt_steps15/history.csv	7569	1c08ee8894127374c904838fa9eaa28a5f361775621dab4f97860cb2581ec4fc
evidence/runs/ijss_ban_dt_steps60/attempt_history.json	114	18bd8cf87ed6836e1d3e006909d80baf22725246960531a966e45bcb0c9fabf2
evidence/runs/ijss_ban_dt_steps60/config.resolved.json	2168	d08c63d5573788acf7e722f7fe643bb232f42c59666ce2238e2c2845cad8d117
evidence/runs/ijss_ban_dt_steps60/continuation_history.json	475	7c4dcc7ebcea14d43f4387940976cf4412fd914df82e868701a2793f1a79ab83
evidence/runs/ijss_ban_dt_steps60/history.csv	27685	ce5452bbd93fd144ad78ba3210a24fad4e204c70e9de2757a0a23b62137391e8
evidence/runs/ijss_ban_extended_h2p03_steps60/attempt_history.json	114	18bd8cf87ed6836e1d3e006909d80baf22725246960531a966e45bcb0c9fabf2
evidence/runs/ijss_ban_extended_h2p03_steps60/config.resolved.json	2191	0df4db61a84f2d5717c5b979284ec30f4d9837b4a26c1197173eb4ccb5db8019
evidence/runs/ijss_ban_extended_h2p03_steps60/continuation_history.json	475	7c4dcc7ebcea14d43f4387940976cf4412fd914df82e868701a2793f1a79ab83
evidence/runs/ijss_ban_extended_h2p03_steps60/history.csv	27591	b1fe1de94063832aeafdce67d7ab1020bc6d8082a3c3d651837bb677e48aa85c
evidence/runs/ijss_ban_extended_h2p55_steps60/attempt_history.json	114	18bd8cf87ed6836e1d3e006909d80baf22725246960531a966e45bcb0c9fabf2
evidence/runs/ijss_ban_extended_h2p55_steps60/config.resolved.json	2192	1f12770ba9f115476aeaf91ddae2259ffff9f2bc4618afd7cb8d7d4badd76578
evidence/runs/ijss_ban_extended_h2p55_steps60/continuation_history.json	475	7c4dcc7ebcea14d43f4387940976cf4412fd914df82e868701a2793f1a79ab83
evidence/runs/ijss_ban_extended_h2p55_steps60/history.csv	26973	230fd7142b16e50a4072c8fe92f7a188e099b210cd59f429c43bd9f7200c368c
evidence/runs/ijss_ban_factorial_graph_H/attempt_history.json	12474	d2ec05fd0d94c333bf4c3e1d5b64531f0cc0b11825d09c8651ad0ace274efb7e
evidence/runs/ijss_ban_factorial_graph_H/config.resolved.json	2180	76cfc418d75a835f0085f9c8bc62de682eb340fd4bc751f1bb518ec90f86b7c4
evidence/runs/ijss_ban_factorial_graph_H/continuation_history.json	8347	b852be619123c94e2973d308088fe9173d5d99aa3b9ce9359d711d7bc0ab08c8
evidence/runs/ijss_ban_factorial_graph_H/history.csv	27338	380ff68852b1916fe0de6780876603153b2f3b1de1e0330b30f50bb78ac09400
evidence/runs/ijss_ban_factorial_homogeneous_H/attempt_history.json	114	18bd8cf87ed6836e1d3e006909d80baf22725246960531a966e45bcb0c9fabf2
evidence/runs/ijss_ban_factorial_homogeneous_H/config.resolved.json	2159	25ace7fff320118dfdb6e862c21d4f8bc278c50ec66b6b2217669cf44ff54e0c
evidence/runs/ijss_ban_factorial_homogeneous_H/continuation_history.json	475	7c4dcc7ebcea14d43f4387940976cf4412fd914df82e868701a2793f1a79ab83
evidence/runs/ijss_ban_factorial_homogeneous_H/history.csv	27585	9dc22b3caedbeafaea03b2f2a57d07c4cd8a5616101d379e19212534cf1860be
evidence/runs/ijss_ban_factorial_homogeneous_noH/attempt_history.json	114	18bd8cf87ed6836e1d3e006909d80baf22725246960531a966e45bcb0c9fabf2
evidence/runs/ijss_ban_factorial_homogeneous_noH/config.resolved.json	2164	20b70a38f197a8b280aaa531301cf0d0fc86bcf569bc41b5906eaf277a34d8ae
evidence/runs/ijss_ban_factorial_homogeneous_noH/continuation_history.json	475	7c4dcc7ebcea14d43f4387940976cf4412fd914df82e868701a2793f1a79ab83
evidence/runs/ijss_ban_factorial_homogeneous_noH/history.csv	27542	46c03354d96e811b0af97d5784695e6282ab1243b62d07bfd760b77fe79af0bc
evidence/runs/ijss_ban_mesh_h1p54_steps30/attempt_history.json	114	18bd8cf87ed6836e1d3e006909d80baf22725246960531a966e45bcb0c9fabf2
evidence/runs/ijss_ban_mesh_h1p54_steps30/config.resolved.json	2184	7f6ebae88d7954ca3e52378f0b4c5426dbeeaecf0a310fb7564bc72b26b2c0ba
evidence/runs/ijss_ban_mesh_h1p54_steps30/continuation_history.json	475	7c4dcc7ebcea14d43f4387940976cf4412fd914df82e868701a2793f1a79ab83
evidence/runs/ijss_ban_mesh_h1p54_steps30/history.csv	13905	6d8dfec5cc68ca47202fe92de8a8aa2c9693b91d345484ce4503b9d3439072d1
evidence/runs/ijss_ban_mesh_h2p03_steps30/attempt_history.json	114	18bd8cf87ed6836e1d3e006909d80baf22725246960531a966e45bcb0c9fabf2
evidence/runs/ijss_ban_mesh_h2p03_steps30/config.resolved.json	2184	416e2893ea2fb6019c3356672726f8a6118b2dfca9b6b314647f80ca0ba65ff0
evidence/runs/ijss_ban_mesh_h2p03_steps30/continuation_history.json	475	7c4dcc7ebcea14d43f4387940976cf4412fd914df82e868701a2793f1a79ab83
evidence/runs/ijss_ban_mesh_h2p03_steps30/history.csv	14274	bf86e00a11ff3bf122ae87620337f7bff8e57d45dcaf3a4f374258ddd6de5963
evidence/runs/ijss_ban_mesh_h2p55_steps30/attempt_history.json	114	18bd8cf87ed6836e1d3e006909d80baf22725246960531a966e45bcb0c9fabf2
evidence/runs/ijss_ban_mesh_h2p55_steps30/config.resolved.json	2185	51436216129472ce14e1273e5a944c65dd03ddb775776074b5982d8a4fbf1c3d
evidence/runs/ijss_ban_mesh_h2p55_steps30/continuation_history.json	475	7c4dcc7ebcea14d43f4387940976cf4412fd914df82e868701a2793f1a79ab83
evidence/runs/ijss_ban_mesh_h2p55_steps30/history.csv	13933	0ea1ef7c1ec1050dcd8c8ad0bf15da233c41a44617009ca6d21db1a6c45cfcad
evidence/runs/ijss_ban_mesh_h3p04_steps30/attempt_history.json	114	18bd8cf87ed6836e1d3e006909d80baf22725246960531a966e45bcb0c9fabf2
evidence/runs/ijss_ban_mesh_h3p04_steps30/config.resolved.json	2185	b0d9d17e28f54794f6590c8b105046e353b92190c234c8dcc6fd58334d19e391
evidence/runs/ijss_ban_mesh_h3p04_steps30/continuation_history.json	475	7c4dcc7ebcea14d43f4387940976cf4412fd914df82e868701a2793f1a79ab83
evidence/runs/ijss_ban_mesh_h3p04_steps30/history.csv	13933	ddddd59d2cb446fd81e27467b5e17771b15918f179fd96f718e8992e5dc881e7
evidence/runs/ijss_m4_edge_crack_benchmark_v1/coupled_184x92/attempt_history.json	114	18bd8cf87ed6836e1d3e006909d80baf22725246960531a966e45bcb0c9fabf2
evidence/runs/ijss_m4_edge_crack_benchmark_v1/coupled_184x92/config.resolved.json	2191	a80cb7e061474a77c5d6bdcc194d844f2c9ba14541419a5957dfda522c4889ed
evidence/runs/ijss_m4_edge_crack_benchmark_v1/coupled_184x92/continuation_history.json	477	6c4476daeb742bd0e47ff7bfb7c57229a6d8bd431e61ab6e4f2916b355d81729
evidence/runs/ijss_m4_edge_crack_benchmark_v1/coupled_184x92/history.csv	10956	e55945b7ebd2a97dd3105f960ffc66e184b4ef89abe73ef1f856549453482304
evidence/runs/ijss_m4_edge_crack_benchmark_v1/coupled_276x138/attempt_history.json	114	18bd8cf87ed6836e1d3e006909d80baf22725246960531a966e45bcb0c9fabf2
evidence/runs/ijss_m4_edge_crack_benchmark_v1/coupled_276x138/config.resolved.json	2193	abc46f4a4ee9c303413c398345db183e81aefa343b1a3d971814157c0d69b521
evidence/runs/ijss_m4_edge_crack_benchmark_v1/coupled_276x138/continuation_history.json	477	6c4476daeb742bd0e47ff7bfb7c57229a6d8bd431e61ab6e4f2916b355d81729
evidence/runs/ijss_m4_edge_crack_benchmark_v1/coupled_276x138/history.csv	10736	ac4329a5da10d6200c85f5b097831255062a43e7e71160772fc9b4a69b0483e7
evidence/runs/ijss_m4_edge_crack_benchmark_v1/coupled_368x184/attempt_history.json	114	18bd8cf87ed6836e1d3e006909d80baf22725246960531a966e45bcb0c9fabf2
evidence/runs/ijss_m4_edge_crack_benchmark_v1/coupled_368x184/config.resolved.json	2193	d884a48442890726ab11b0ec574c5a7e1b34271c87a2ad289b3732fdc1bb273f
evidence/runs/ijss_m4_edge_crack_benchmark_v1/coupled_368x184/continuation_history.json	477	6c4476daeb742bd0e47ff7bfb7c57229a6d8bd431e61ab6e4f2916b355d81729
evidence/runs/ijss_m4_edge_crack_benchmark_v1/coupled_368x184/history.csv	10717	1a717827728bf14ad3d43531f16e4ea1b30068fbeae5d96f6bc358e2d2052293
evidence/runs/ijss_m4_edge_crack_benchmark_v1/coupled_460x230/attempt_history.json	114	18bd8cf87ed6836e1d3e006909d80baf22725246960531a966e45bcb0c9fabf2
evidence/runs/ijss_m4_edge_crack_benchmark_v1/coupled_460x230/config.resolved.json	2193	ff99b79937afd85766b0440f4841e6f301910dced02f874536262ef89feebed2
evidence/runs/ijss_m4_edge_crack_benchmark_v1/coupled_460x230/continuation_history.json	477	6c4476daeb742bd0e47ff7bfb7c57229a6d8bd431e61ab6e4f2916b355d81729
evidence/runs/ijss_m4_edge_crack_benchmark_v1/coupled_460x230/history.csv	10951	eaf0a15cd18ff76fb803797b13a9be9d1f9df1b858ea9b467241f26d9bbb9403
evidence/runs/ijss_m4_edge_crack_benchmark_v1/coupled_552x276/attempt_history.json	114	18bd8cf87ed6836e1d3e006909d80baf22725246960531a966e45bcb0c9fabf2
evidence/runs/ijss_m4_edge_crack_benchmark_v1/coupled_552x276/config.resolved.json	2193	e347c5e0c2654c14c3ee59c7d49cc5678df3688acf1d6a9985ee4b2aa549f22e
evidence/runs/ijss_m4_edge_crack_benchmark_v1/coupled_552x276/continuation_history.json	477	6c4476daeb742bd0e47ff7bfb7c57229a6d8bd431e61ab6e4f2916b355d81729
evidence/runs/ijss_m4_edge_crack_benchmark_v1/coupled_552x276/history.csv	10913	1f8a4ea85a2cb18b747d23c09b6d62270fa79d63df42f20183ee1534e67ff5ba
evidence/runs/ijss_m4_edge_crack_benchmark_v1_fine736/coupled_736x368/attempt_history.json	114	18bd8cf87ed6836e1d3e006909d80baf22725246960531a966e45bcb0c9fabf2
evidence/runs/ijss_m4_edge_crack_benchmark_v1_fine736/coupled_736x368/config.resolved.json	2201	8e31806929307379a2a7f2fd83e968c97468014e8b2f97fd6ac2c0b889f5a57b
evidence/runs/ijss_m4_edge_crack_benchmark_v1_fine736/coupled_736x368/continuation_history.json	477	6c4476daeb742bd0e47ff7bfb7c57229a6d8bd431e61ab6e4f2916b355d81729
evidence/runs/ijss_m4_edge_crack_benchmark_v1_fine736/coupled_736x368/history.csv	10939	ac64a9cbd027c5eba0a67085fab4e6100d101d80a44faa7eeb285f8ed6bfc16a
evidence/runs/ijss_m4_field_representation_positive_control_v1/CG1_nodal_184x92/attempt_history.json	114	18bd8cf87ed6836e1d3e006909d80baf22725246960531a966e45bcb0c9fabf2
evidence/runs/ijss_m4_field_representation_positive_control_v1/CG1_nodal_184x92/config.resolved.json	2558	b33eaea31185ec2c89bad9761650e7f7fe568ce12e62367b0d6d048f55d56434
evidence/runs/ijss_m4_field_representation_positive_control_v1/CG1_nodal_184x92/continuation_history.json	477	6c4476daeb742bd0e47ff7bfb7c57229a6d8bd431e61ab6e4f2916b355d81729
evidence/runs/ijss_m4_field_representation_positive_control_v1/CG1_nodal_184x92/history.csv	10969	147fc034e07da2933c3c659c1d16dbc067e79e825c200b99493b004e63c5d687
evidence/runs/ijss_m4_field_representation_positive_control_v1/DG0_centroid_184x92/attempt_history.json	114	18bd8cf87ed6836e1d3e006909d80baf22725246960531a966e45bcb0c9fabf2
evidence/runs/ijss_m4_field_representation_positive_control_v1/DG0_centroid_184x92/config.resolved.json	2561	ade4dfca3a24e10dc9b48cdaab33cadaef589ec6c76a3ae63277d0d6ea5609de
evidence/runs/ijss_m4_field_representation_positive_control_v1/DG0_centroid_184x92/continuation_history.json	477	6c4476daeb742bd0e47ff7bfb7c57229a6d8bd431e61ab6e4f2916b355d81729
evidence/runs/ijss_m4_field_representation_positive_control_v1/DG0_centroid_184x92/history.csv	10972	58f0557c3b4405b889f2b732955b389274cc26e56e42ca59ff97067e9c8c1bba
evidence/runs/ijss_m4_field_representation_positive_control_v1/DG0_centroid_276x138/attempt_history.json	32012	6d02d8eb6dc46473c75d38e538d4e1e452f88d8a329c570567d6719ac6c73b32
evidence/runs/ijss_m4_field_representation_positive_control_v1/DG0_centroid_276x138/config.resolved.json	2563	89777116477e1c26c253beaecf6a5b92f757d50af7879b00360293d12d9d8531
evidence/runs/ijss_m4_field_representation_positive_control_v1/DG0_centroid_276x138/continuation_history.json	477	6c4476daeb742bd0e47ff7bfb7c57229a6d8bd431e61ab6e4f2916b355d81729
evidence/runs/ijss_m4_field_representation_positive_control_v1/DG0_centroid_276x138/history.csv	26896	3ce17892db9996dcaf20d8ebb2d01ee7ed8b0115113b46d98e3a76130db837ef
evidence/runs/ijss_m4_tip_graded_benchmark_v1/coupled_184x92/attempt_history.json	114	18bd8cf87ed6836e1d3e006909d80baf22725246960531a966e45bcb0c9fabf2
evidence/runs/ijss_m4_tip_graded_benchmark_v1/coupled_184x92/config.resolved.json	2191	7b0285c4ac299d93b578e5c456700714d4923a2567f46c9bb6110248bec236be
evidence/runs/ijss_m4_tip_graded_benchmark_v1/coupled_184x92/continuation_history.json	477	6c4476daeb742bd0e47ff7bfb7c57229a6d8bd431e61ab6e4f2916b355d81729
evidence/runs/ijss_m4_tip_graded_benchmark_v1/coupled_184x92/history.csv	10945	31d162e13007b73ccdd6e8beeeb238c0702eb431433f124d06bacb730f37148f
evidence/runs/ijss_m4_tip_graded_benchmark_v1/coupled_276x138/attempt_history.json	114	18bd8cf87ed6836e1d3e006909d80baf22725246960531a966e45bcb0c9fabf2
evidence/runs/ijss_m4_tip_graded_benchmark_v1/coupled_276x138/config.resolved.json	2193	835af0737653dcc06c0c25b81cccca7e47893b7085dbdc82582b0379ba075467
evidence/runs/ijss_m4_tip_graded_benchmark_v1/coupled_276x138/continuation_history.json	477	6c4476daeb742bd0e47ff7bfb7c57229a6d8bd431e61ab6e4f2916b355d81729
evidence/runs/ijss_m4_tip_graded_benchmark_v1/coupled_276x138/history.csv	10923	80815be9e7fd79e010ead7c581c267ab6fa89ff3bda67676b72616a0ac5e6c4e
evidence/runs/ijss_m4_tip_graded_benchmark_v1/coupled_368x184/attempt_history.json	114	18bd8cf87ed6836e1d3e006909d80baf22725246960531a966e45bcb0c9fabf2
evidence/runs/ijss_m4_tip_graded_benchmark_v1/coupled_368x184/config.resolved.json	2193	f4522a2dcb5ec819d8ecd36f46b5fdaa716d0349527353669537f87d00439a5a
evidence/runs/ijss_m4_tip_graded_benchmark_v1/coupled_368x184/continuation_history.json	477	6c4476daeb742bd0e47ff7bfb7c57229a6d8bd431e61ab6e4f2916b355d81729
evidence/runs/ijss_m4_tip_graded_benchmark_v1/coupled_368x184/history.csv	10952	98f541328b0469bfee53db95c58348cff46b0fda0af5e5bf2ae2589d3d82312e
evidence/runs/ijss_m5_positive_control_v2/CG1_184x92/attempt_history.json	114	18bd8cf87ed6836e1d3e006909d80baf22725246960531a966e45bcb0c9fabf2
evidence/runs/ijss_m5_positive_control_v2/CG1_184x92/config.resolved.json	2531	212ece8ddaa2e3a4336ccd6b80a1d397dc5ffd3aa79026b1660c8b007c31e2d7
evidence/runs/ijss_m5_positive_control_v2/CG1_184x92/continuation_history.json	477	6c4476daeb742bd0e47ff7bfb7c57229a6d8bd431e61ab6e4f2916b355d81729
evidence/runs/ijss_m5_positive_control_v2/CG1_184x92/history.csv	7655	9f7ad82dd38bf7f594a7c3146a0e3a81593ff45af234e2679f2506322b139393
evidence/runs/ijss_m5_positive_control_v2/CG1_276x138/attempt_history.json	114	18bd8cf87ed6836e1d3e006909d80baf22725246960531a966e45bcb0c9fabf2
evidence/runs/ijss_m5_positive_control_v2/CG1_276x138/config.resolved.json	2533	cabdf16e22507c3383e12e99422f54be0a8889777aa3283cf8c003f6df499997
evidence/runs/ijss_m5_positive_control_v2/CG1_276x138/continuation_history.json	477	6c4476daeb742bd0e47ff7bfb7c57229a6d8bd431e61ab6e4f2916b355d81729
evidence/runs/ijss_m5_positive_control_v2/CG1_276x138/history.csv	7645	99c625cbbf40a3291ba7bb80dbf0889ea1d369d30a433e095e459d338119bba2
evidence/runs/ijss_m5_positive_control_v2/CG1_368x184/attempt_history.json	925	e1393088a6a948a1d97c6544ffd2cef30ae707e53f423c927f015d6bcaf70cf6
evidence/runs/ijss_m5_positive_control_v2/CG1_368x184/config.resolved.json	2533	709d3fa10142dac1247b823db5581e40b51ae1a3ffee4211266d73770c2ff41c
evidence/runs/ijss_m5_positive_control_v2/CG1_368x184/continuation_history.json	477	6c4476daeb742bd0e47ff7bfb7c57229a6d8bd431e61ab6e4f2916b355d81729
evidence/runs/ijss_m5_positive_control_v2/CG1_368x184/history.csv	8148	a2b95251d154ecb29ad9b2963df4c8f3abf040974069e55fea2d8b27a12a9c52
evidence/runs/ijss_m5_positive_control_v2/CG1_552x276/attempt_history.json	11594	fd685ece7a126fca11813fb69588eb9d2e39a2db71258e5124ee752ab9b57ee8
evidence/runs/ijss_m5_positive_control_v2/CG1_552x276/config.resolved.json	2533	a331378facd15aed5b2b286a077222c279a660b6c52a37ce5c3ce5cf01d5418b
evidence/runs/ijss_m5_positive_control_v2/CG1_552x276/continuation_history.json	477	6c4476daeb742bd0e47ff7bfb7c57229a6d8bd431e61ab6e4f2916b355d81729
evidence/runs/ijss_m5_positive_control_v2/CG1_552x276/history.csv	11819	081f77af1bea1122a14ee6edc5bb984112d2ca4d543710231566d9a41c72d333
evidence/runs/ijss_m5_positive_control_v2/DG0_184x92/attempt_history.json	114	18bd8cf87ed6836e1d3e006909d80baf22725246960531a966e45bcb0c9fabf2
evidence/runs/ijss_m5_positive_control_v2/DG0_184x92/config.resolved.json	2531	7ba82434c2f97332bb8e93f4734753cb0b093434ad2db4b25f1d6d2eef6a5a3c
evidence/runs/ijss_m5_positive_control_v2/DG0_184x92/continuation_history.json	477	6c4476daeb742bd0e47ff7bfb7c57229a6d8bd431e61ab6e4f2916b355d81729
evidence/runs/ijss_m5_positive_control_v2/DG0_184x92/history.csv	7650	9049e81816811fe16ee72bae86bde3c230fd9b5a5005e34eeddc3c161c0c48c4
evidence/runs/ijss_m5_positive_control_v2/DG0_276x138/attempt_history.json	114	18bd8cf87ed6836e1d3e006909d80baf22725246960531a966e45bcb0c9fabf2
evidence/runs/ijss_m5_positive_control_v2/DG0_276x138/config.resolved.json	2533	554f1cd44c1ffa2a599f117ff21d18879429d43ae06c325f6edf81e714b04f55
evidence/runs/ijss_m5_positive_control_v2/DG0_276x138/continuation_history.json	477	6c4476daeb742bd0e47ff7bfb7c57229a6d8bd431e61ab6e4f2916b355d81729
evidence/runs/ijss_m5_positive_control_v2/DG0_276x138/history.csv	7647	68dbe2173cdc929aaf4b4429e3764332872e346f87de490c33792940a9a61080
evidence/runs/ijss_m5_positive_control_v2/DG0_368x184/attempt_history.json	926	9b28f754ffbc8fdf93aedd29cc09fc50ad77b5ba079308589d53c3a71184e950
evidence/runs/ijss_m5_positive_control_v2/DG0_368x184/config.resolved.json	2533	7ab0ef3660731a5a887cf1e43356a633ac764e2823786756b0a0ec8d126a1d5d
evidence/runs/ijss_m5_positive_control_v2/DG0_368x184/continuation_history.json	477	6c4476daeb742bd0e47ff7bfb7c57229a6d8bd431e61ab6e4f2916b355d81729
evidence/runs/ijss_m5_positive_control_v2/DG0_368x184/history.csv	8149	2704dfd653f403bc7322e01e717edcf50ca594030ed33e7bb52bcf899f48875b
evidence/runs/ijss_m5_positive_control_v2/DG0_552x276/attempt_history.json	15654	4409d69b20947c9aba89ef93e9bf0ba2589d41f20009f74e216905b817146a50
evidence/runs/ijss_m5_positive_control_v2/DG0_552x276/config.resolved.json	2533	997f7f59f2dba1f4c1df2e969fd657710ec811e45ca74355f6263412e5029586
evidence/runs/ijss_m5_positive_control_v2/DG0_552x276/continuation_history.json	477	6c4476daeb742bd0e47ff7bfb7c57229a6d8bd431e61ab6e4f2916b355d81729
evidence/runs/ijss_m5_positive_control_v2/DG0_552x276/history.csv	13226	85ea1802aba27965ad4d24de6e7b2f00ac499fec24120e3dcaf59ae47b290ff2
evidence/runs/ijss_m5_positive_control_v4/CG1_184x92/attempt_history.json	72478	638c90489e6fa6a174cd0259bfc016040cd4eb64852c9de9659388e813087ab0
evidence/runs/ijss_m5_positive_control_v4/CG1_184x92/config.resolved.json	2532	67db09e691956295f426a03ca6dd700252d0ee61f3b8fdd1f85301bd382b0327
evidence/runs/ijss_m5_positive_control_v4/CG1_184x92/continuation_history.json	477	6c4476daeb742bd0e47ff7bfb7c57229a6d8bd431e61ab6e4f2916b355d81729
evidence/runs/ijss_m5_positive_control_v4/CG1_184x92/history.csv	44139	f622f1cf2dc4f469789f2a2a19c20b9455659e0f9f6b588a491a29b59c8cab46
evidence/runs/ijss_m5_positive_control_v4/CG1_276x138/attempt_history.json	129237	4b471643fe9f37fb3fa1249160e82e4764041a4401d70f54172c203ed7bf5b41
evidence/runs/ijss_m5_positive_control_v4/CG1_276x138/config.resolved.json	2534	e109dc59283676c11e5adf05fe7c80e857084a666028b2b135ca1d77a9b1cb42
evidence/runs/ijss_m5_positive_control_v4/CG1_276x138/continuation_history.json	477	6c4476daeb742bd0e47ff7bfb7c57229a6d8bd431e61ab6e4f2916b355d81729
evidence/runs/ijss_m5_positive_control_v4/CG1_276x138/history.csv	74747	46fe37f31e6e5699004a2c2e6c04423523a7684e3c8d419abceba7141272fc0e
evidence/runs/ijss_m5_positive_control_v4/CG1_368x184/attempt_history.json	159296	2dcf696253cf640aba758b8fadd488ed2819004ba2d8c85b70b6aabb3f9c8b48
evidence/runs/ijss_m5_positive_control_v4/CG1_368x184/config.resolved.json	2534	1722df1a4cd5ff4cbd125e3d6c87ade21314920c2afca3887fd7fcae6b5beaaf
evidence/runs/ijss_m5_positive_control_v4/CG1_368x184/continuation_history.json	477	6c4476daeb742bd0e47ff7bfb7c57229a6d8bd431e61ab6e4f2916b355d81729
evidence/runs/ijss_m5_positive_control_v4/CG1_368x184/history.csv	92456	2c50970cc2d9d2e6627f0e80123e2774e72f37734686e36f5d5dd48bae02f269
evidence/runs/ijss_m5_positive_control_v4/DG0_184x92/attempt_history.json	85901	cfa5297ca8f94cc4e817930fc64ab1f686ad02bfdcf22708825bd31e32dcfbd4
evidence/runs/ijss_m5_positive_control_v4/DG0_184x92/config.resolved.json	2532	95b8996e1907e6be6edc39967bda9c7ec8c5935311db3b8c182f26057a83e2b9
evidence/runs/ijss_m5_positive_control_v4/DG0_184x92/continuation_history.json	477	6c4476daeb742bd0e47ff7bfb7c57229a6d8bd431e61ab6e4f2916b355d81729
evidence/runs/ijss_m5_positive_control_v4/DG0_184x92/history.csv	51517	9e4537454c0846277ab6560aba7a617f3b5b621612732627228525b2677b2ad3
evidence/runs/ijss_m5_positive_control_v4/DG0_276x138/attempt_history.json	120922	68c2aef6fd9abba4d4ca1b3f6930a6da6727c0d41253ad0dd1221227b8bdec96
evidence/runs/ijss_m5_positive_control_v4/DG0_276x138/config.resolved.json	2534	8ee4e4286b2bf9c2e70bf804818a197e04d1cac7a65d8cfeef1c6c2bbfc75599
evidence/runs/ijss_m5_positive_control_v4/DG0_276x138/continuation_history.json	477	6c4476daeb742bd0e47ff7bfb7c57229a6d8bd431e61ab6e4f2916b355d81729
evidence/runs/ijss_m5_positive_control_v4/DG0_276x138/history.csv	71326	272c20e2c8f04a42e817e1ebfa004dc511f6348c1d8bce19f746c879e0595534
evidence/runs/ijss_m5_positive_control_v4/DG0_368x184/attempt_history.json	153503	9847b28791260beaf4d29aa6a5bca3e79b681ba0f849168e6232261a05cf4c11
evidence/runs/ijss_m5_positive_control_v4/DG0_368x184/config.resolved.json	2534	def4f13fc56abcafcd43011efe828b8a25bc0b0bfb93f745f73720d83024c711
evidence/runs/ijss_m5_positive_control_v4/DG0_368x184/continuation_history.json	477	6c4476daeb742bd0e47ff7bfb7c57229a6d8bd431e61ab6e4f2916b355d81729
evidence/runs/ijss_m5_positive_control_v4/DG0_368x184/history.csv	90057	9e5e6824370fc990b9fc8895acd04aede79c4ad796d204c66255d5a084c2964f
evidence/runs/ijss_recalc_resolved_ell0p5um_b1p5um_graph_path_1096x548/attempt_history.json	10520	94e8ff284554201a40e83585e92767044bc9a7ab3ded49d4bdf8cbb7f78801f3
evidence/runs/ijss_recalc_resolved_ell0p5um_b1p5um_graph_path_1096x548/config.resolved.json	2270	67c388d8ef1613f7f1897124beba1b636c43eb12f43f9fca2d79d107d6973683
evidence/runs/ijss_recalc_resolved_ell0p5um_b1p5um_graph_path_1096x548/history.csv	8339	772ccf253b318cfbf3fbb9a89ed2aa78d0dbab2148cdfbacb3124fffae28238e
evidence/runs/ijss_recalc_resolved_ell0p5um_b1p5um_hom_path_1096x548/attempt_history.json	9968	a857937e206c2447092035010bd7fd273ad92eda347e174c69cb517d200c0a91
evidence/runs/ijss_recalc_resolved_ell0p5um_b1p5um_hom_path_1096x548/config.resolved.json	2233	f233223d7fb8949116ab50b5e27ea4eb8f7e762e7d3cff25b647b06c1567ca87
evidence/runs/ijss_recalc_resolved_ell0p5um_b1p5um_hom_path_1096x548/history.csv	10633	b6a82c021beb88c11d25a352eb8b5e291a4f06340550d4fe92077e7bffd4c392
evidence/runs/ijss_recalc_resolved_ell0p5um_b1p5um_hom_u40_1096x548/attempt_history.json	10151	5d3434abbab97b773e49ea850e2460b9829c80d2b6e6894597af5dcc1c42a55d
evidence/runs/ijss_recalc_resolved_ell0p5um_b1p5um_hom_u40_1096x548/config.resolved.json	2215	41e7e3593896cf89346e3b14fe2841de41d7282ad1906f9fa21551c0894bbb00
evidence/runs/ijss_recalc_resolved_ell0p5um_b1p5um_hom_u40_1096x548/continuation_history.json	12468	f63ec1ff7c31a44ad30971c14610539d67f509e4cfc4a7e8ed20ac6d411553bd
evidence/runs/ijss_recalc_resolved_ell0p5um_b1p5um_hom_u40_1096x548/history.csv	22330	bb2c91a65f727c6ba53e27efc18dffd82744c799bc1e8260c5188738be27dd8a
evidence/runs/ijss_recalc_s1GPa_b0p405um_conf0p0_u40_368x184/attempt_history.json	114	18bd8cf87ed6836e1d3e006909d80baf22725246960531a966e45bcb0c9fabf2
evidence/runs/ijss_recalc_s1GPa_b0p405um_conf0p0_u40_368x184/config.resolved.json	2235	027eba6b538717bb9a34e35f9e7dc5486cb04d007e8a325ca6b620d75ba4ef2d
evidence/runs/ijss_recalc_s1GPa_b0p405um_conf0p0_u40_368x184/continuation_history.json	477	6c4476daeb742bd0e47ff7bfb7c57229a6d8bd431e61ab6e4f2916b355d81729
evidence/runs/ijss_recalc_s1GPa_b0p405um_conf0p0_u40_368x184/history.csv	10950	a4c0986859e00c7de356aebb6c274a4c74c27c6a9851933fc774315d8bfe43a5
evidence/runs/ijss_recalc_s1GPa_b0p405um_conf0p5_u40_368x184/attempt_history.json	114	18bd8cf87ed6836e1d3e006909d80baf22725246960531a966e45bcb0c9fabf2
evidence/runs/ijss_recalc_s1GPa_b0p405um_conf0p5_u40_368x184/config.resolved.json	2235	95c271d9b894eec6a0993abbcfcec495ce1ca01ce52175025b06a631ade113bb
evidence/runs/ijss_recalc_s1GPa_b0p405um_conf0p5_u40_368x184/continuation_history.json	477	6c4476daeb742bd0e47ff7bfb7c57229a6d8bd431e61ab6e4f2916b355d81729
evidence/runs/ijss_recalc_s1GPa_b0p405um_conf0p5_u40_368x184/history.csv	10951	e2889aa9ada59acd7768c3365f4380ca3688b3b1d921c10ecd2337587070b82e
evidence/runs/ijss_recalc_s1GPa_b0p405um_conf1p0_u40_368x184/attempt_history.json	114	18bd8cf87ed6836e1d3e006909d80baf22725246960531a966e45bcb0c9fabf2
evidence/runs/ijss_recalc_s1GPa_b0p405um_conf1p0_u40_368x184/config.resolved.json	2235	95b90d20fa0834ef7ffe28f44e57fc047af3cea7929d119dd90972d24653b7e2
evidence/runs/ijss_recalc_s1GPa_b0p405um_conf1p0_u40_368x184/continuation_history.json	477	6c4476daeb742bd0e47ff7bfb7c57229a6d8bd431e61ab6e4f2916b355d81729
evidence/runs/ijss_recalc_s1GPa_b0p405um_conf1p0_u40_368x184/history.csv	10948	925cf393dfceeae94fb108dc2bbfd97838e861f42a1a7736eb78d1713a34801f
evidence/runs/ijss_recalc_s1GPa_b0p8um_conf0p0_u40_368x184/attempt_history.json	114	18bd8cf87ed6836e1d3e006909d80baf22725246960531a966e45bcb0c9fabf2
evidence/runs/ijss_recalc_s1GPa_b0p8um_conf0p0_u40_368x184/config.resolved.json	2229	8a32123a70b70fe0ecaec4989e44a54afcf19b9d003832bb2c76edc86d1f2078
evidence/runs/ijss_recalc_s1GPa_b0p8um_conf0p0_u40_368x184/continuation_history.json	477	6c4476daeb742bd0e47ff7bfb7c57229a6d8bd431e61ab6e4f2916b355d81729
evidence/runs/ijss_recalc_s1GPa_b0p8um_conf0p0_u40_368x184/history.csv	10959	9fef8259c6ca82dddedd0bf7e4f7ce18f174a887818fee9d4b1fde1806b8064b
evidence/runs/ijss_recalc_s1GPa_b0p8um_conf0p5_u40_368x184/attempt_history.json	114	18bd8cf87ed6836e1d3e006909d80baf22725246960531a966e45bcb0c9fabf2
evidence/runs/ijss_recalc_s1GPa_b0p8um_conf0p5_u40_368x184/config.resolved.json	2229	06a40cd99c11e2bc1786bd0a7b86b5a0d8697e8c871490465036d50e7f03aedf
evidence/runs/ijss_recalc_s1GPa_b0p8um_conf0p5_u40_368x184/continuation_history.json	477	6c4476daeb742bd0e47ff7bfb7c57229a6d8bd431e61ab6e4f2916b355d81729
evidence/runs/ijss_recalc_s1GPa_b0p8um_conf0p5_u40_368x184/history.csv	10942	97b05c7723f184fb165023b1efa43c15ab529d4083fa4891d21f30dd55c6dd82
evidence/runs/ijss_recalc_s1GPa_b0p8um_conf1p0_u40_368x184/attempt_history.json	114	18bd8cf87ed6836e1d3e006909d80baf22725246960531a966e45bcb0c9fabf2
evidence/runs/ijss_recalc_s1GPa_b0p8um_conf1p0_u40_368x184/config.resolved.json	2229	34b4cf9754eee5967ad7208e182e1d121ee08d7c3ca79bb3b102c6cd8836fc51
evidence/runs/ijss_recalc_s1GPa_b0p8um_conf1p0_u40_368x184/continuation_history.json	477	6c4476daeb742bd0e47ff7bfb7c57229a6d8bd431e61ab6e4f2916b355d81729
evidence/runs/ijss_recalc_s1GPa_b0p8um_conf1p0_u40_368x184/history.csv	10948	c7796da0080fb35b1c10118027c6adf8ce903c4cf566453c2ea4576392e8f76c
evidence/runs/ijss_recalc_s1GPa_b1p5um_conf0p0_u40_368x184/attempt_history.json	114	18bd8cf87ed6836e1d3e006909d80baf22725246960531a966e45bcb0c9fabf2
evidence/runs/ijss_recalc_s1GPa_b1p5um_conf0p0_u40_368x184/config.resolved.json	2229	b9534280151a386735b569be6d2eab1c584d991d527933020cd9576735f337ae
evidence/runs/ijss_recalc_s1GPa_b1p5um_conf0p0_u40_368x184/continuation_history.json	477	6c4476daeb742bd0e47ff7bfb7c57229a6d8bd431e61ab6e4f2916b355d81729
evidence/runs/ijss_recalc_s1GPa_b1p5um_conf0p0_u40_368x184/history.csv	10951	aa36882c85e8171aa36eb8054018c1c6cbdae61cd6c2d2fa084483bbc508ca06
evidence/runs/ijss_recalc_s1GPa_b1p5um_conf0p5_u40_368x184/attempt_history.json	114	18bd8cf87ed6836e1d3e006909d80baf22725246960531a966e45bcb0c9fabf2
evidence/runs/ijss_recalc_s1GPa_b1p5um_conf0p5_u40_368x184/config.resolved.json	2229	31e5a80c01f34e1bc100a4c6233e4c60462ccfdaab1d4cbb5e5db5984dfbe6f7
evidence/runs/ijss_recalc_s1GPa_b1p5um_conf0p5_u40_368x184/continuation_history.json	477	6c4476daeb742bd0e47ff7bfb7c57229a6d8bd431e61ab6e4f2916b355d81729
evidence/runs/ijss_recalc_s1GPa_b1p5um_conf0p5_u40_368x184/history.csv	10956	84c1753db24a75537de6361d5cc42e71d334635adb2a0f1fa11028847b166442
evidence/runs/ijss_recalc_s1GPa_b1p5um_conf1p0_u40_368x184/attempt_history.json	114	18bd8cf87ed6836e1d3e006909d80baf22725246960531a966e45bcb0c9fabf2
evidence/runs/ijss_recalc_s1GPa_b1p5um_conf1p0_u40_368x184/config.resolved.json	2229	ea532454ac26b5469e553306e8f354b05832bc66467da95d131ddf4dbdddcb10
evidence/runs/ijss_recalc_s1GPa_b1p5um_conf1p0_u40_368x184/continuation_history.json	477	6c4476daeb742bd0e47ff7bfb7c57229a6d8bd431e61ab6e4f2916b355d81729
evidence/runs/ijss_recalc_s1GPa_b1p5um_conf1p0_u40_368x184/history.csv	10957	55889a4de69b7e9afa4a7dc4110c27ee57faaafde52bf8736870720d2298727d
evidence/runs/ijss_recalc_s1GPa_graph_H10s_field_184x92/attempt_history.json	114	18bd8cf87ed6836e1d3e006909d80baf22725246960531a966e45bcb0c9fabf2
evidence/runs/ijss_recalc_s1GPa_graph_H10s_field_184x92/config.resolved.json	2221	178a6818f0b67b4d3811634ea21af6f72a0b85d2ada86ff2721aa9adf204ae9a
evidence/runs/ijss_recalc_s1GPa_graph_H10s_field_184x92/continuation_history.json	477	6c4476daeb742bd0e47ff7bfb7c57229a6d8bd431e61ab6e4f2916b355d81729
evidence/runs/ijss_recalc_s1GPa_graph_H10s_field_184x92/history.csv	10961	554adb6458c2aff538be87ca08fe567e485f93daf628628d057a7fb6774b37f7
evidence/runs/ijss_recalc_s1GPa_graph_H20s_field_184x92/attempt_history.json	114	18bd8cf87ed6836e1d3e006909d80baf22725246960531a966e45bcb0c9fabf2
evidence/runs/ijss_recalc_s1GPa_graph_H20s_field_184x92/config.resolved.json	2221	d66898a3cb7577e5b4b6671b2953f5f8dd3f9b2d5ca716cbe19c4e1ebffcb5ae
evidence/runs/ijss_recalc_s1GPa_graph_H20s_field_184x92/continuation_history.json	477	6c4476daeb742bd0e47ff7bfb7c57229a6d8bd431e61ab6e4f2916b355d81729
evidence/runs/ijss_recalc_s1GPa_graph_H20s_field_184x92/history.csv	10950	e41903d30e316b065b33a606e62fe335fa4c41bd6dd4a7d45df162b6fe173aef
evidence/runs/ijss_recalc_s1GPa_graph_H5s_field_184x92/attempt_history.json	114	18bd8cf87ed6836e1d3e006909d80baf22725246960531a966e45bcb0c9fabf2
evidence/runs/ijss_recalc_s1GPa_graph_H5s_field_184x92/config.resolved.json	2218	66fc6811f58a9b990c4420fa6d71431634789da9d0c99cf7f354ff7fda73d64e
evidence/runs/ijss_recalc_s1GPa_graph_H5s_field_184x92/continuation_history.json	477	6c4476daeb742bd0e47ff7bfb7c57229a6d8bd431e61ab6e4f2916b355d81729
evidence/runs/ijss_recalc_s1GPa_graph_H5s_field_184x92/history.csv	10954	7eff29f3e2b0cc180863a83ec038d8f53da164d82d17c964a99723d819bef911
evidence/runs/ijss_recalc_s1GPa_graph_H5s_u40_368x184/attempt_history.json	12705	10bb8d32b28b287fa71b5703898dab0375805f5eb15a9e721eecd016eee775d0
evidence/runs/ijss_recalc_s1GPa_graph_H5s_u40_368x184/config.resolved.json	2217	876b059bcb9a89b411f3e37fda20c2281f18e5ffc3f30f4f988f01ead55c66f9
evidence/runs/ijss_recalc_s1GPa_graph_H5s_u40_368x184/continuation_history.json	477	6c4476daeb742bd0e47ff7bfb7c57229a6d8bd431e61ab6e4f2916b355d81729
evidence/runs/ijss_recalc_s1GPa_graph_H5s_u40_368x184/history.csv	18394	7483e6050dec1ebbace52cfbc3b7e10d44cc3bcc495528164993b0604dc4f7d4
evidence/runs/ijss_recalc_s1GPa_graph_H5s_u40_460x230/attempt_history.json	22473	081bba719a0bb4114caee2d014bc21b9aceb226b6f52b2fd07e93e824a6e3508
evidence/runs/ijss_recalc_s1GPa_graph_H5s_u40_460x230/config.resolved.json	2217	4135bdc1592835a344dba8852a4599fe0b0bb8e0116240a1cdf2a32b77bc69db
evidence/runs/ijss_recalc_s1GPa_graph_H5s_u40_460x230/continuation_history.json	12469	c38c9857d3f9b6b73dc28e21bdc4258f3996c2b3b76c5eed7f0befa218fb363b
evidence/runs/ijss_recalc_s1GPa_graph_H5s_u40_460x230/history.csv	23312	1967ffa1ce1ac6e49072acf10c475d3b3e0ffc50edf3f6a07ddee9c5e38dded9
evidence/runs/ijss_recalc_s1GPa_graph_H5s_u70_184x92/attempt_history.json	123052	6972e4519a573bea99166f1eace31187357f24e72ac9b7bd61174b00f397d7e7
evidence/runs/ijss_recalc_s1GPa_graph_H5s_u70_184x92/config.resolved.json	2214	3f2755161bafe464f9e14f49cb230424bb59885aeaa85cec1a4ec71e390a03be
evidence/runs/ijss_recalc_s1GPa_graph_H5s_u70_184x92/continuation_history.json	477	6c4476daeb742bd0e47ff7bfb7c57229a6d8bd431e61ab6e4f2916b355d81729
evidence/runs/ijss_recalc_s1GPa_graph_H5s_u70_184x92/history.csv	87475	354cf1aba660d86698bf75163b1df62d9434946c93ffc5a8dcc605bb47166f10
evidence/runs/ijss_recalc_s1GPa_graph_H5s_u70_276x138/attempt_history.json	8310	eabefaafc5983c31c49c7ddbb71f6e48f090bd4299bdf9daa1ce733d35e98d6a
evidence/runs/ijss_recalc_s1GPa_graph_H5s_u70_276x138/config.resolved.json	2217	e7a8583883f93ba3e518e3bc99f6127c45d4b3ac5acdc777a2c8467ea47f8904
evidence/runs/ijss_recalc_s1GPa_graph_H5s_u70_276x138/continuation_history.json	477	6c4476daeb742bd0e47ff7bfb7c57229a6d8bd431e61ab6e4f2916b355d81729
evidence/runs/ijss_recalc_s1GPa_graph_H5s_u70_276x138/history.csv	14365	98b53e03d40381ad20d2c6d56895f1afeb1c817705e23876e49891dd7e588764
evidence/runs/ijss_recalc_s1GPa_graph_H5s_u80_184x92/attempt_history.json	168919	12484ce5cd22feeb025196deca42775b3049d54e51ada46e6cdf9aaba67f8cb9
evidence/runs/ijss_recalc_s1GPa_graph_H5s_u80_184x92/config.resolved.json	2214	f6c4d277057c0e8b4c86c8f3ba6d50ce4b6e66f0ab8fc33f393f60b3acc04e4c
evidence/runs/ijss_recalc_s1GPa_graph_H5s_u80_184x92/continuation_history.json	477	6c4476daeb742bd0e47ff7bfb7c57229a6d8bd431e61ab6e4f2916b355d81729
evidence/runs/ijss_recalc_s1GPa_graph_H5s_u80_184x92/history.csv	115199	a4b3f994eeb68fa877c75fdac95338e05c6877e6435afe31d4770cfe6cd3ffbb
evidence/runs/ijss_recalc_s1GPa_graph_noH_184x92/attempt_history.json	88557	0c85ef3e9e483a18690c86a8bb1e621f769f8ef1700c1d80169860db31190e50
evidence/runs/ijss_recalc_s1GPa_graph_noH_184x92/config.resolved.json	2210	448ce90018052ad5d8d68a6094a5bd6beabeebbc864d782109bdf0f704bc3797
evidence/runs/ijss_recalc_s1GPa_graph_noH_184x92/continuation_history.json	477	6c4476daeb742bd0e47ff7bfb7c57229a6d8bd431e61ab6e4f2916b355d81729
evidence/runs/ijss_recalc_s1GPa_graph_noH_184x92/history.csv	72231	cf4ffccf2a18c0120dd122116482f76f255939298e022da69ff76d350bfdc268
evidence/runs/ijss_recalc_s1GPa_graph_noH_path_184x92/attempt_history.json	4429	70a84df4760e0aaddf1a549cef26a51c075cdf790b5b2d86c25321e66f178e0e
evidence/runs/ijss_recalc_s1GPa_graph_noH_path_184x92/config.resolved.json	2234	e682822c77e13a6b30285b007bfe5f20fed2e1612e5b523a99f5902ddce6ffe9
evidence/runs/ijss_recalc_s1GPa_graph_noH_path_184x92/history.csv	24077	b371ef813ed204fec6a8216e9b67d654528f272f059901826f34eab48ac97689
evidence/runs/ijss_recalc_s1GPa_graph_noH_u40_368x184/attempt_history.json	114	18bd8cf87ed6836e1d3e006909d80baf22725246960531a966e45bcb0c9fabf2
evidence/runs/ijss_recalc_s1GPa_graph_noH_u40_368x184/config.resolved.json	2219	9976da57720ee39d7f45cff4560abe74db805522b5fc2eb1a78332be9e093fda
evidence/runs/ijss_recalc_s1GPa_graph_noH_u40_368x184/continuation_history.json	477	6c4476daeb742bd0e47ff7bfb7c57229a6d8bd431e61ab6e4f2916b355d81729
evidence/runs/ijss_recalc_s1GPa_graph_noH_u40_368x184/history.csv	10951	110a8c16336e54066b3bee54a615780cc3221f937a65e4536bd254ba2169a010
evidence/runs/ijss_recalc_s1GPa_graph_noH_u40_460x230/attempt_history.json	114	18bd8cf87ed6836e1d3e006909d80baf22725246960531a966e45bcb0c9fabf2
evidence/runs/ijss_recalc_s1GPa_graph_noH_u40_460x230/config.resolved.json	2219	b83667878e7a6de8d84d15bc3d306e4c3865528cd21b804d5f0ea679b249e04e
evidence/runs/ijss_recalc_s1GPa_graph_noH_u40_460x230/continuation_history.json	477	6c4476daeb742bd0e47ff7bfb7c57229a6d8bd431e61ab6e4f2916b355d81729
evidence/runs/ijss_recalc_s1GPa_graph_noH_u40_460x230/history.csv	10713	2598bdff6a7a6e6bf16f55442b83af4e617aa922ed49c4abfbb1e986e38cbb6f
evidence/runs/ijss_recalc_s1GPa_graph_noH_u70_184x92/attempt_history.json	114	18bd8cf87ed6836e1d3e006909d80baf22725246960531a966e45bcb0c9fabf2
evidence/runs/ijss_recalc_s1GPa_graph_noH_u70_184x92/config.resolved.json	2216	8d906e7dc6cedba7f64030a2e7e357b2790ad8a3ef02ebd5871f988b65d8870a
evidence/runs/ijss_recalc_s1GPa_graph_noH_u70_184x92/continuation_history.json	477	6c4476daeb742bd0e47ff7bfb7c57229a6d8bd431e61ab6e4f2916b355d81729
evidence/runs/ijss_recalc_s1GPa_graph_noH_u70_184x92/history.csv	16795	e484e2e8e659db6bd260c42eee5ace2a16c51ceda41de5c134e7cae86d050e5f
evidence/runs/ijss_recalc_s1GPa_graph_noH_u70_276x138/attempt_history.json	114	18bd8cf87ed6836e1d3e006909d80baf22725246960531a966e45bcb0c9fabf2
evidence/runs/ijss_recalc_s1GPa_graph_noH_u70_276x138/config.resolved.json	2219	86db1956a51e826a2548c9a7fa50a37983d32a41eebcfbb2468d49a11df84692
evidence/runs/ijss_recalc_s1GPa_graph_noH_u70_276x138/continuation_history.json	477	6c4476daeb742bd0e47ff7bfb7c57229a6d8bd431e61ab6e4f2916b355d81729
evidence/runs/ijss_recalc_s1GPa_graph_noH_u70_276x138/history.csv	16404	dd4d93094c4e3bf3a9b87d58e0e63b782588b7b186c6c5467fec182693ab7392
evidence/runs/ijss_recalc_s1GPa_graph_noH_u80_184x92/attempt_history.json	114	18bd8cf87ed6836e1d3e006909d80baf22725246960531a966e45bcb0c9fabf2
evidence/runs/ijss_recalc_s1GPa_graph_noH_u80_184x92/config.resolved.json	2216	a6c0113951687e184c8e2c69457cec8d374b00f8589b3357d4854b470269dc2d
evidence/runs/ijss_recalc_s1GPa_graph_noH_u80_184x92/continuation_history.json	477	6c4476daeb742bd0e47ff7bfb7c57229a6d8bd431e61ab6e4f2916b355d81729
evidence/runs/ijss_recalc_s1GPa_graph_noH_u80_184x92/history.csv	20815	1d03ca2173006d4e7b4ecda82ae315dd90125cf5ed4cfe04cb8d189009579349
evidence/runs/ijss_recalc_s1GPa_hom_H5s_184x92/attempt_history.json	114	18bd8cf87ed6836e1d3e006909d80baf22725246960531a966e45bcb0c9fabf2
evidence/runs/ijss_recalc_s1GPa_hom_H5s_184x92/config.resolved.json	2171	0aba983b66513162cf89c9ef8bde007b340cbebc2bd84f0a9456ea947eadc123
evidence/runs/ijss_recalc_s1GPa_hom_H5s_184x92/continuation_history.json	477	6c4476daeb742bd0e47ff7bfb7c57229a6d8bd431e61ab6e4f2916b355d81729
evidence/runs/ijss_recalc_s1GPa_hom_H5s_184x92/history.csv	28241	32a42b757915c8f6a9223e0528244d94c3aa9f0f7ae86e8af836889c6af8d22d
evidence/runs/ijss_recalc_s1GPa_hom_H5s_u40_368x184/attempt_history.json	114	18bd8cf87ed6836e1d3e006909d80baf22725246960531a966e45bcb0c9fabf2
evidence/runs/ijss_recalc_s1GPa_hom_H5s_u40_368x184/config.resolved.json	2180	d7b5ccf4c586cbe7e8f578f9ef766aaa9bdcffa72a67b7df55a9737e582f6294
evidence/runs/ijss_recalc_s1GPa_hom_H5s_u40_368x184/continuation_history.json	477	6c4476daeb742bd0e47ff7bfb7c57229a6d8bd431e61ab6e4f2916b355d81729
evidence/runs/ijss_recalc_s1GPa_hom_H5s_u40_368x184/history.csv	10940	2b9eea40cb63a2475008891ab9810000b7263dbeb05da227431f744bfda1832b
evidence/runs/ijss_recalc_s1GPa_hom_H5s_u40_460x230/attempt_history.json	114	18bd8cf87ed6836e1d3e006909d80baf22725246960531a966e45bcb0c9fabf2
evidence/runs/ijss_recalc_s1GPa_hom_H5s_u40_460x230/config.resolved.json	2180	21bd718fa83aa7657b8c4cec2702f21cf67a5f7cc860d29436975938182e41d0
evidence/runs/ijss_recalc_s1GPa_hom_H5s_u40_460x230/continuation_history.json	477	6c4476daeb742bd0e47ff7bfb7c57229a6d8bd431e61ab6e4f2916b355d81729
evidence/runs/ijss_recalc_s1GPa_hom_H5s_u40_460x230/history.csv	10735	8264ec065fdab12464ea12e8e9add994e86885f805a367a76aa2dc6a681c94b9
evidence/runs/ijss_recalc_s1GPa_hom_H5s_u70_184x92/attempt_history.json	114	18bd8cf87ed6836e1d3e006909d80baf22725246960531a966e45bcb0c9fabf2
evidence/runs/ijss_recalc_s1GPa_hom_H5s_u70_184x92/config.resolved.json	2177	c9b1cea1c1515dd84156eff46ea302ba71d5e15e8861015e9bf338bc48734eed
evidence/runs/ijss_recalc_s1GPa_hom_H5s_u70_184x92/continuation_history.json	477	6c4476daeb742bd0e47ff7bfb7c57229a6d8bd431e61ab6e4f2916b355d81729
evidence/runs/ijss_recalc_s1GPa_hom_H5s_u70_184x92/history.csv	16786	65b337508e0006affd92186898e97bfa36d90f26074b6b470caa314931ef057d
evidence/runs/ijss_recalc_s1GPa_hom_H5s_u70_276x138/attempt_history.json	114	18bd8cf87ed6836e1d3e006909d80baf22725246960531a966e45bcb0c9fabf2
evidence/runs/ijss_recalc_s1GPa_hom_H5s_u70_276x138/config.resolved.json	2180	ff312322a58f77d0856c25f09a65eff0680123840b28d100a484326463e9168b
evidence/runs/ijss_recalc_s1GPa_hom_H5s_u70_276x138/continuation_history.json	477	6c4476daeb742bd0e47ff7bfb7c57229a6d8bd431e61ab6e4f2916b355d81729
evidence/runs/ijss_recalc_s1GPa_hom_H5s_u70_276x138/history.csv	16409	f00f279d358b6d11271f174fdf9bf5d7672d7be3ea3df3f671fa5595fafc3a0d
evidence/runs/ijss_recalc_s1GPa_hom_H5s_u80_184x92/attempt_history.json	114	18bd8cf87ed6836e1d3e006909d80baf22725246960531a966e45bcb0c9fabf2
evidence/runs/ijss_recalc_s1GPa_hom_H5s_u80_184x92/config.resolved.json	2177	7c36c20ab455a88d8127d47aca0f878fe2952568a149007a0e781c3d6745dfc7
evidence/runs/ijss_recalc_s1GPa_hom_H5s_u80_184x92/continuation_history.json	477	6c4476daeb742bd0e47ff7bfb7c57229a6d8bd431e61ab6e4f2916b355d81729
evidence/runs/ijss_recalc_s1GPa_hom_H5s_u80_184x92/history.csv	20808	b8ba13f82bb094761638c442deef15018b56caff7ff0dec9f77bba24d9c7edd5
evidence/runs/ijss_recalc_s1GPa_hom_noH_184x92/attempt_history.json	114	18bd8cf87ed6836e1d3e006909d80baf22725246960531a966e45bcb0c9fabf2
evidence/runs/ijss_recalc_s1GPa_hom_noH_184x92/config.resolved.json	2173	f2bf241395a1a2e756b5f3eeb8863cd331f040a05e8316a6d9ab70da6c1f9d99
evidence/runs/ijss_recalc_s1GPa_hom_noH_184x92/continuation_history.json	4466	741786a7160781b0f68cee64a08d6b98a1b96fb888b0458ad87d37829ac74f14
evidence/runs/ijss_recalc_s1GPa_hom_noH_184x92/history.csv	28259	ffb4cdaa677d211cb01348a82d61c90ccab20c538ed3144e1e905237786e9a8c
evidence/runs/ijss_recalc_s1GPa_hom_noH_u40_368x184/attempt_history.json	114	18bd8cf87ed6836e1d3e006909d80baf22725246960531a966e45bcb0c9fabf2
evidence/runs/ijss_recalc_s1GPa_hom_noH_u40_368x184/config.resolved.json	2182	d6d9bb786163b17576e34217be790307c1ddc68381493df3d36d667627e04b75
evidence/runs/ijss_recalc_s1GPa_hom_noH_u40_368x184/continuation_history.json	477	6c4476daeb742bd0e47ff7bfb7c57229a6d8bd431e61ab6e4f2916b355d81729
evidence/runs/ijss_recalc_s1GPa_hom_noH_u40_368x184/history.csv	10956	1630538226aace4740e8c9e68844200e3438beb7e8c78be3052db73b286c1c73
evidence/runs/ijss_recalc_s1GPa_hom_noH_u40_460x230/attempt_history.json	114	18bd8cf87ed6836e1d3e006909d80baf22725246960531a966e45bcb0c9fabf2
evidence/runs/ijss_recalc_s1GPa_hom_noH_u40_460x230/config.resolved.json	2182	9050598575a60a871df9495f2c7ab93259a3fa5562c2541f87f2d15f425493a0
evidence/runs/ijss_recalc_s1GPa_hom_noH_u40_460x230/continuation_history.json	477	6c4476daeb742bd0e47ff7bfb7c57229a6d8bd431e61ab6e4f2916b355d81729
evidence/runs/ijss_recalc_s1GPa_hom_noH_u40_460x230/history.csv	10713	9edbf40b589143b0f492abdeddf49b34fe398350906405358c81e90f27384bfc
evidence/runs/ijss_recalc_s1GPa_hom_noH_u70_184x92/attempt_history.json	114	18bd8cf87ed6836e1d3e006909d80baf22725246960531a966e45bcb0c9fabf2
evidence/runs/ijss_recalc_s1GPa_hom_noH_u70_184x92/config.resolved.json	2179	ac82f89d7d60bc391acfafe85954b44c5daa1eb4ce36ac51205db03edb3c9fb6
evidence/runs/ijss_recalc_s1GPa_hom_noH_u70_184x92/continuation_history.json	477	6c4476daeb742bd0e47ff7bfb7c57229a6d8bd431e61ab6e4f2916b355d81729
evidence/runs/ijss_recalc_s1GPa_hom_noH_u70_184x92/history.csv	16816	c2aa0d02b3bcbf803c310dfa4bf537605859013a6cf8c84069bb9dd904d6dd59
evidence/runs/ijss_recalc_s1GPa_hom_noH_u70_276x138/attempt_history.json	114	18bd8cf87ed6836e1d3e006909d80baf22725246960531a966e45bcb0c9fabf2
evidence/runs/ijss_recalc_s1GPa_hom_noH_u70_276x138/config.resolved.json	2182	7c3a470680caf8cb840dfd1026ab9be1212abaf9264f3cb310458d224e04eec0
evidence/runs/ijss_recalc_s1GPa_hom_noH_u70_276x138/continuation_history.json	477	6c4476daeb742bd0e47ff7bfb7c57229a6d8bd431e61ab6e4f2916b355d81729
evidence/runs/ijss_recalc_s1GPa_hom_noH_u70_276x138/history.csv	16403	64106245af4359cb58181dd057a20c7676b06782d3499d87603140eb06f9b4c0
evidence/runs/ijss_recalc_s1GPa_hom_noH_u80_184x92/attempt_history.json	114	18bd8cf87ed6836e1d3e006909d80baf22725246960531a966e45bcb0c9fabf2
evidence/runs/ijss_recalc_s1GPa_hom_noH_u80_184x92/config.resolved.json	2179	c774712074193d475951c2f24db993ef1674b3b24e0ff941341711e6cd34f30d
evidence/runs/ijss_recalc_s1GPa_hom_noH_u80_184x92/continuation_history.json	477	6c4476daeb742bd0e47ff7bfb7c57229a6d8bd431e61ab6e4f2916b355d81729
evidence/runs/ijss_recalc_s1GPa_hom_noH_u80_184x92/history.csv	20854	c9a5495c8053d6709a462753f2d30ce52db444112f1d867053053af0d463bde8
evidence/summaries/edge_crack_benchmark/m4_edge_crack_diagnostics.json	1196	54042f3a233502656bada9516044c3e5d8eb36cff53c94c6771d22fc5d0f7019
evidence/summaries/edge_crack_benchmark/m4_edge_crack_results.csv	4587	3c3984f6733c4dba911d43f571906c7d5578b581addbece4342572de786dccbd
evidence/summaries/edge_crack_benchmark/README.md	1084	101d63d409e1dc3ea010e93a7999ab969618a04b83d0dcd3966572d183d76ad0
evidence/summaries/positive_control/m4_m5_positive_control_diagnostics.json	796	6ff68d051210827896c5a20a2f5dda4217023bc225f1ae34f7a9a56129cf0cd7
evidence/summaries/positive_control/m4_m5_positive_control_results.csv	1912	fca45d53a5fbf195c6ecd7f1bcbb410e36f3e2fcf20b576355cec33be5421e94
evidence/summaries/positive_control/README.md	822	b7f9e3e33e7092ac0e2335cc3dc040a73fe3bc7460132dbf18ad84e07e7d25c5
evidence/summaries/reaction_extraction/reaction_extraction_crosscheck.csv	1145	dc0f38b4650c14e5f2cabd466bd64ce8c4f92fd86d34c1987bbdb580acc4a657
evidence/summaries/reaction_extraction/reaction_extraction_diagnostics.json	944	61379d085fb0acb36485bf19230d9ee5486337c31356483175dfd0621323a6d1
evidence/summaries/reaction_extraction/README.md	543	1521fd935b241f9b6cf4bd2b8c0499a9dd9a0c1bca171caf5b72180f924674fe
examples/ebsd_ban_confidence1_onset_pilot.toml	1572	855ef49406486079946b03b673ad26c3a40c2c3f09fa7e3754ddffbf58674ced
examples/ebsd_ban_h2.toml	1119	ef3040ca96b43596eaa4afd1b8cbadb6a2b0207e86ea325cf877c0a170da019e
examples/ebsd_ban_h3.toml	1189	b8a510cc7c5b3a46b3f007f5d67c100e59024705e04ad1ece6d8263e17b4beb5
examples/ebsd_ban_h3_homogeneous.toml	980	386eb642199144d5f10903d165de067c87f3af662630e9d2f3bc5a85369178ee
examples/ebsd_ban_h3_shuffled.toml	1178	57926f8af4f4d7893a3e0ed9e67234c7dafb981e6123ce74959d9c8ac0c3e4a3
examples/ebsd_ban_h4.toml	1120	197ddf741a7901b5c65e36dc631928e7cca0b8c565f73cb7aa3f511f41bacedb
examples/ebsd_ban_mapping_smoke.toml	1357	d9eeb667fa168964d69078a594e178d5a818ec5069e915b10c100cad4931216c
examples/ijss_ban_dt_steps15.toml	1250	0d5762a908d114265ae94b2af85e8a2d71eadb2d202d5119a2f842c0c5b66aee
examples/ijss_ban_dt_steps60.toml	1248	6323c962ca4bc8c48aeb653097bbc1e78833757b2a3d17b62cf0ce803e7de1e7
examples/ijss_ban_extended_h2p03_steps60.toml	1281	65852e840ddf2ffa0d28efdfaf79656d3bc6ee124f9916473cee4c875cde209b
examples/ijss_ban_extended_h2p55_steps60.toml	1277	382cd680ad39978497bf5ad9b81a90af7a25bfa318a740f73f11e6701ee4d39a
examples/ijss_ban_factorial_graph_H.toml	1317	3a96af5290a02461960f5db5cf3ce9fcd31ddc1b6635d4519faa330f315bda5a
examples/ijss_ban_factorial_graph_H_pathpilot_dE2p5e4_steps8.toml	1700	095e5d977c0de368865ba5e50c7365aba9cd7c9bfdf95db98563c88d5b39f028
examples/ijss_ban_factorial_homogeneous_H.toml	1186	eeb2ede2dd21d2bf2ce6916019eb69e69ea8f09cffccea3c1f97323dab423060
examples/ijss_ban_factorial_homogeneous_noH.toml	1184	adcab294633eb3f197127d4da07a66562d56010e07602ffb996dbdcc67502362
examples/ijss_ban_mesh_h1p54_steps30.toml	1259	0fa7ff08c487db760fbef6f6e9ecab61eee3de46aaef3eea17d4bf533fd05d06
examples/ijss_ban_mesh_h2p03_steps30.toml	1260	5696dfdfcf84e4e8dead5809f9c859cec88f1b216d599b678e2198d6948aaf76
examples/ijss_ban_mesh_h2p55_steps30.toml	1256	39f6167ddfc2ea775b08eac52a1550b5e3014ad18348ff77ee0ee36facab29f4
examples/ijss_ban_mesh_h3p04_steps30.toml	1256	b24e1697f8f6cc1179de1a635e968262960ceaf54280b7780dff8ff2559e4542
examples/ijss_recalc_resolved_ell0p5um_b1p5um_graph_1096x548.toml	1485	8267b18970a6638d4da361a6beb719cc5356d64ce7874d35b55d8968af4157fb
examples/ijss_recalc_resolved_ell0p5um_b1p5um_graph_path_1096x548.toml	1823	14a23c8a8bc9f0125e84106e16ecc589dee6de78c1bd717e5789649aa67d5fda
examples/ijss_recalc_resolved_ell0p5um_b1p5um_graph_u40_1096x548.toml	1486	83e19a988d2befb796a4e8a0753d7865b1364e7cb28b34932c8744879e3dd857
examples/ijss_recalc_resolved_ell0p5um_b1p5um_hom_1096x548.toml	1450	36f2ed879b02afaceb87eeca29e30797a9f9c3e278a7e9f3aa8b439d60d95103
examples/ijss_recalc_resolved_ell0p5um_b1p5um_hom_path_1096x548.toml	1789	9d01cfd7dd3d437e05a766f8f8d515724905d6837168a7fb909806a4b0cbf7e4
examples/ijss_recalc_resolved_ell0p5um_b1p5um_hom_u40_1096x548.toml	1451	dc320300d2142d862979a163c24b62038be37555e3c1e80dfa5903fb2e518ed7
examples/ijss_recalc_s1GPa_b0p405um_conf0p0_368x184.toml	1473	89325a23280f53948576264203531ca84d8e0ff9474776ae29e290b2e367eca4
examples/ijss_recalc_s1GPa_b0p405um_conf0p0_u40_368x184.toml	1475	c0c2a05d91b6567ed686f5a5928cde0e77ca78a485b77313a5b05aec70f1ae88
examples/ijss_recalc_s1GPa_b0p405um_conf0p5_368x184.toml	1473	f09f3d090c716061435f65208fa7e7f4592c3a450c8472b35341cb8582c5e1da
examples/ijss_recalc_s1GPa_b0p405um_conf0p5_u40_368x184.toml	1475	074ffbfec45463d9ee6fb19a11aa1480a8a2378c4ec3a9d1c367813dba059e5a
examples/ijss_recalc_s1GPa_b0p405um_conf1p0_368x184.toml	1473	097b87641aaa1cea3086277da6cb63c6d17eaff8fee7169aeed6135f0faef689
examples/ijss_recalc_s1GPa_b0p405um_conf1p0_u40_368x184.toml	1475	210f19aaa8c69576f82e8ee67f8e5d0e87725f1d7531afef46f32cdc26b6b794
examples/ijss_recalc_s1GPa_b0p8um_conf0p0_368x184.toml	1469	2ae512d036b8da5ddc9483299c3de0c379dab211de1ae8ee3c89c93fdf10109b
examples/ijss_recalc_s1GPa_b0p8um_conf0p0_u40_368x184.toml	1471	6ba0f7e1a0ba80dc6a05af46663d2437c8470d53f1fdcb4ce858f7647782b7d1
examples/ijss_recalc_s1GPa_b0p8um_conf0p5_368x184.toml	1469	61bb0d4c5970d6c089800343e20d73085fe2784a120b581ffb2ac4c3542c6c6a
examples/ijss_recalc_s1GPa_b0p8um_conf0p5_u40_368x184.toml	1471	526df5680773404561756af4b8148ac17cc0a657ba54ec24b0d556091c662261
examples/ijss_recalc_s1GPa_b0p8um_conf1p0_368x184.toml	1469	b60d51a1efe1c3980274bd81d7539c319354cccab063f3a5d21c822fa91e7057
examples/ijss_recalc_s1GPa_b0p8um_conf1p0_u40_368x184.toml	1471	b97f223a13f73d862bd81712fd0e8016679e84e62c58c35568ae3613c0cd7a3f
examples/ijss_recalc_s1GPa_b1p5um_conf0p0_368x184.toml	1469	2e585459969f2ed2fb7d92b96c1670f7c3d3891ad8f0c36f924552298452fc06
examples/ijss_recalc_s1GPa_b1p5um_conf0p0_u40_368x184.toml	1471	25b708bcb6b8e4ad6ee14bf02a21444a4fc42389f177ea53ebd3b893b22fb726
examples/ijss_recalc_s1GPa_b1p5um_conf0p5_368x184.toml	1469	aff5c80f5b0c064a30fb86167eead8b7cb82678b0c63d604557c0a80db7cecb4
examples/ijss_recalc_s1GPa_b1p5um_conf0p5_u40_368x184.toml	1471	970dc0246950f2a5dc1a711a084fe214241b7fa627507bf8353286ee591bc1c0
examples/ijss_recalc_s1GPa_b1p5um_conf1p0_368x184.toml	1469	ab8ba56d2fb6c7a11d1672617749c7c43b9358b54128275ffa3cdeacdb8d5103
examples/ijss_recalc_s1GPa_b1p5um_conf1p0_u40_368x184.toml	1471	624ff8c88eecd5462600633e7f9fb15b3a9bd385c511ac6f5439ba85d99494de
examples/ijss_recalc_s1GPa_graph_H10s_184x92.toml	1444	d256b8c1c0a2be62e76ea3afd569cb0b4a00bca55a0b175772cbd4e371ae23a1
examples/ijss_recalc_s1GPa_graph_H10s_276x138.toml	1446	16845fd1f24869fa00e7e40e33eedf17c483815602a7d804ffc76398dd1095a8
examples/ijss_recalc_s1GPa_graph_H10s_368x184.toml	1446	3fa0ddf3b3a946cdaac63305e73f0e8748cd6aabcd105bcf131cf0abd1dfb2af
examples/ijss_recalc_s1GPa_graph_H10s_460x230.toml	1446	8c0c90256ec8930f70f36b04ec3d79f5d3cb2147407811e820afc786e8d95a14
examples/ijss_recalc_s1GPa_graph_H10s_field_184x92.toml	1423	159d57ec1a303b99cc5195838aa65388af3e12f297fba1f5b1595ae7b2708ddc
examples/ijss_recalc_s1GPa_graph_H20s_field_184x92.toml	1423	5aa347d2a762e6da205c00d1bbf5154abc7dda87dd66ae4ed358593ce10727c4
examples/ijss_recalc_s1GPa_graph_H5s_184x92.toml	1442	6b7427e3f61574d99e342cb5d47d82bdf6f3c222b830bcb60bca6bf46b01e9c6
examples/ijss_recalc_s1GPa_graph_H5s_276x138.toml	1444	733ab051a80d7bf12cff103a4700bed32d136a4330e1c91d12c0d7441a6ecd84
examples/ijss_recalc_s1GPa_graph_H5s_368x184.toml	1444	e39720885386ea1f8aa7c70776d224ad8d6c7827ad5158e0b5a1e14907c256d1
examples/ijss_recalc_s1GPa_graph_H5s_460x230.toml	1444	81b8e0e0b01d478eac7080b02983e20aa8a9aa9ea577bd30461ff0c35a72758b
examples/ijss_recalc_s1GPa_graph_H5s_field_184x92.toml	1421	8b57970e1d1ba475ed206ef4787582f0050ac8a4626732921d2148dcc876835f
examples/ijss_recalc_s1GPa_graph_H5s_u40_368x184.toml	1472	e0009ccecf66bdd997e9422ad576b907a086948cedcaf7d43ac6b0b92e5f0346
examples/ijss_recalc_s1GPa_graph_H5s_u40_460x230.toml	1472	206eea5cc5092524d7cc5a31315af721568dadcfb757a8a79d3c8aa124981be6
examples/ijss_recalc_s1GPa_graph_H5s_u70_184x92.toml	1470	f47888e4b1f92ecebda7eec24bf4de57ca9388193f684d03868a6cc697a00b7e
examples/ijss_recalc_s1GPa_graph_H5s_u70_276x138.toml	1472	44fdf01ae11ab161bbe5eccb3d6856a5ea7bb4399810ca374446ff174cfcd42e
examples/ijss_recalc_s1GPa_graph_H5s_u70_368x184.toml	1472	82fa0200a15220f0d164ce12d1056af6be3aa86b36a0f75f68c7624d05fd24bf
examples/ijss_recalc_s1GPa_graph_H5s_u70_460x230.toml	1472	3010ea2f8490b1d7677eab6e817d137ce1bf595179d75dbdc4d69b8e2fc3877a
examples/ijss_recalc_s1GPa_graph_H5s_u80_184x92.toml	1470	ec096bb33e9bad97963b91942bf0cfc15e86377b48ec323dd97b3a8df054723a
examples/ijss_recalc_s1GPa_graph_H5s_u80_276x138.toml	1472	9d6a32d9cb85ada63a4673c07de86e7cfa9fd260651614333a0b235dca0018a5
examples/ijss_recalc_s1GPa_graph_H5s_u80_368x184.toml	1472	04ac0f3340e16c6a02b50d20d721e9dbbe78d4dba7f2a8b3bf348e84998c79b7
examples/ijss_recalc_s1GPa_graph_H5s_u80_460x230.toml	1472	c96678f618b1d156a53c221a05d3776c3e903c8d6d2969fbba4c2f4fd8d23da7
examples/ijss_recalc_s1GPa_graph_noH_184x92.toml	1444	fb5f12515e10c622563c7c1ed94b10c336de5402799b576e9dce22c0e331bfd5
examples/ijss_recalc_s1GPa_graph_noH_276x138.toml	1446	2a3f52d4cefb09321ae8ae06411d161e3b5637dc288c3e42ebe6910cd7149609
examples/ijss_recalc_s1GPa_graph_noH_368x184.toml	1446	dd8e84ce1d353a84da99f9d9195d1d8392949f0459289ab946e631ccb233fbd3
examples/ijss_recalc_s1GPa_graph_noH_460x230.toml	1446	67d1581dd4f43cfbd3169e1671cf7e9af9195362205d4120fd664cc48ee0cedb
examples/ijss_recalc_s1GPa_graph_noH_path_184x92.toml	1806	04125c774d43dafb0f8a88c752f7895d23b4b0519b43061f36a4c44c904f366e
examples/ijss_recalc_s1GPa_graph_noH_u40_368x184.toml	1474	0bec798997e1f5c4bb47d672e67caccfb342a13e0548f270dc1806e99139c08d
examples/ijss_recalc_s1GPa_graph_noH_u40_460x230.toml	1474	8e63f55efa369c0a2903d30cbe1ffe67829c7b5c3f24eb08f1a385677ffd823d
examples/ijss_recalc_s1GPa_graph_noH_u70_184x92.toml	1472	193efba0568bce80a877f6be68e96376d958104b19e7913922df47edb3c503a6
examples/ijss_recalc_s1GPa_graph_noH_u70_276x138.toml	1474	69279b73357d04570f6d71c2cb0623826a77e4bc6c60459141fe1825209fd044
examples/ijss_recalc_s1GPa_graph_noH_u70_368x184.toml	1474	030332297203a1b780f98e178c32d604b60b56515c1becf90e2a9c6336fbc01f
examples/ijss_recalc_s1GPa_graph_noH_u70_460x230.toml	1474	a7520a2091cadd4e0ab8f689152b279f779763001d28e58f1831432a46422a98
examples/ijss_recalc_s1GPa_graph_noH_u80_184x92.toml	1472	cd8ec96a195ef76c129c467044c4f4136e79695560b1d825f6df14fd4600fbc3
examples/ijss_recalc_s1GPa_graph_noH_u80_276x138.toml	1474	bbfc4f3c5618a3fe472bcea49b4470f88274b4ea244255e83a9a8a0287452853
examples/ijss_recalc_s1GPa_graph_noH_u80_368x184.toml	1474	ae7c4ac663b224dc0b7f194edaf5fb3c17788d91f176447213cb5c98d271e891
examples/ijss_recalc_s1GPa_graph_noH_u80_460x230.toml	1474	8dc31e7486d73c07a85605f2ba49eb97da2e8ee2e75d692aba5b0932ba4a9a82
examples/ijss_recalc_s1GPa_hom_H10s_184x92.toml	1443	e42daba17faa911bfea4cf4a0a4956674b6e7d68c950a6c72a9e1e54fc156361
examples/ijss_recalc_s1GPa_hom_H10s_276x138.toml	1445	dcdd90b44df2fe0c616f82eb11c85cbb1db67d2c0b805e083be0b3733541a595
examples/ijss_recalc_s1GPa_hom_H10s_368x184.toml	1445	ee7b813a8c5375e379784d083463260e74a86c846c022b310d92c33e5172f194
examples/ijss_recalc_s1GPa_hom_H10s_460x230.toml	1445	7203e1aa4c6c09d8166cdedeb6f6af95b8ce6f419c64416beb0f0f6788e71f8e
examples/ijss_recalc_s1GPa_hom_H5s_184x92.toml	1407	9cdd2deed7ca1a2d36a4895276fa3761920d402117e9c136c0e4f21308273fc6
examples/ijss_recalc_s1GPa_hom_H5s_276x138.toml	1409	e30f09b633db9be5e4c345beb065cf6559866525020f62a4400dce5ac7eb4b73
examples/ijss_recalc_s1GPa_hom_H5s_368x184.toml	1409	5d7c551fa4da624c1bfe7987b6aea0e6cbda3cce6c414d5a8c8155e2808de3f4
examples/ijss_recalc_s1GPa_hom_H5s_460x230.toml	1409	b957d3070ef62ac693c69bfab554a5477e6c9d73e89dc1c72f13d20b0672bc76
examples/ijss_recalc_s1GPa_hom_H5s_u40_368x184.toml	1437	f17ddde69590e0605960663958077770fb2020f23b965ef38696078e81b7ff18
examples/ijss_recalc_s1GPa_hom_H5s_u40_460x230.toml	1437	43129b6e1380a9a1b887cbccec3a003a2e8093adf67856a2c1676d086202ba40
examples/ijss_recalc_s1GPa_hom_H5s_u70_184x92.toml	1435	377a25436be03bdd74da861da94b219293289f12a9f819f2d307b401c833d6ed
examples/ijss_recalc_s1GPa_hom_H5s_u70_276x138.toml	1437	1fb0e321cabe43819cc7fc08c7e0b3794ec19424a80b74dedf7ace2672121760
examples/ijss_recalc_s1GPa_hom_H5s_u70_368x184.toml	1437	7f3c5e0b95214791bccf88ab97570859734e479a9cba06c16e061f8b6da5ea3b
examples/ijss_recalc_s1GPa_hom_H5s_u70_460x230.toml	1437	3b77833584a0c5af346a31c923826cf36945cebe5ea4e3caa80c8cff6c595a10
examples/ijss_recalc_s1GPa_hom_H5s_u80_184x92.toml	1435	73cb639b3e4e97089d214ae64753347a279c562b3c1a02f8d5b3c43ffccf8129
examples/ijss_recalc_s1GPa_hom_H5s_u80_276x138.toml	1437	100a4a2890944614fa5307fb077c9cc5572613fa7d751c98e8f3cb24859476d8
examples/ijss_recalc_s1GPa_hom_H5s_u80_368x184.toml	1437	a0583cea58df77f32f561e454f4df7c0e9dc107d083d9f9c34a16b26549581fb
examples/ijss_recalc_s1GPa_hom_H5s_u80_460x230.toml	1437	a5e8f68f05c125b712b0325fbd20d1b1cf66686c109a12119c517f1aba3ce6ab
examples/ijss_recalc_s1GPa_hom_noH_184x92.toml	1409	fa8b8ec71be79f7394d31eba4cc05763a48ca32395eff0add6f8fc19de762621
examples/ijss_recalc_s1GPa_hom_noH_276x138.toml	1411	3190c7c8af8d3122e6b4ed905f0e6dc9d820160e06c7cd134df6a1b6ab1e23d2
examples/ijss_recalc_s1GPa_hom_noH_368x184.toml	1411	47a75c4f9978682844647026b003cf1dda84f09f9ef40c9d22c46a20c7e5bc40
examples/ijss_recalc_s1GPa_hom_noH_460x230.toml	1411	b7c94e1e57810f2f0422175a5bd2849e689e844af97779cd2dbebcfbe64aa7eb
examples/ijss_recalc_s1GPa_hom_noH_u40_368x184.toml	1439	c5b273263eafe6147520eaf84808b5292241b543ff130e574e5086b08f1b2eff
examples/ijss_recalc_s1GPa_hom_noH_u40_460x230.toml	1439	65f1353d622165f8f5ed9646e520f379655b01751961d94ecea4e99464199f15
examples/ijss_recalc_s1GPa_hom_noH_u70_184x92.toml	1437	9e9667e2966ec51815ee647c422c5f23626861569a71def5be2112c469007a91
examples/ijss_recalc_s1GPa_hom_noH_u70_276x138.toml	1439	5fe6345c86cd0cded0b3fd40b539144245ab1639fef861aee2ba981633b7787c
examples/ijss_recalc_s1GPa_hom_noH_u70_368x184.toml	1439	9c4c6f981b526aa348e14b1919d58232d5226ad1d594bf4bb335e7a2a6d601ab
examples/ijss_recalc_s1GPa_hom_noH_u70_460x230.toml	1439	8bcf3fca0811453d18b60153e120ab9fa325d5e78b626332822307dd523f687f
examples/ijss_recalc_s1GPa_hom_noH_u80_184x92.toml	1437	df78db04239291271e95a566cb34b766f7b7ad3f97088000a29b5c2833a8ce37
examples/ijss_recalc_s1GPa_hom_noH_u80_276x138.toml	1439	f4e0b6d15c8fdcddb56e4387b983b97d1c9e4f9fefa86a9a3bbfe6a0a077dcfb
examples/ijss_recalc_s1GPa_hom_noH_u80_368x184.toml	1439	096fef2606c25e7bed7ccaa369545bc6280167f4380551cfdff107f9f0a88ae9
examples/ijss_recalc_s1GPa_hom_noH_u80_460x230.toml	1439	ae1c689d113a7831510a977cfb3bef7fd523bccf7c52a9411af043f3daec2ca2
figure_source/data/figure_10_p1_mesh_convergence.csv	953	9d22decb0f79ebef7dccadb18ff8afb2bfd036fe6fdd75774db91b66884bcec6
figure_source/data/figure_11_p2_b_confidence_matrix.csv	376	0e530200cd35c3b41e41744f3ec8e339364fe92a53cfda4336208fc0f87acce4
figure_source/data/figure_12_p3_adaptivity.csv	6637	e6b0bb1f53289b62d9a664c7544f8a678cb83b8db24e14b4210f938184e66053
figure_source/data/figure_12_p3_path_histories.csv	7764	67f63e9a9c553ee1e5f9e1258cf3885ce65aece44278b89fcdc114c3d6c0409b
figure_source/data/figure_12_p3_summary.csv	1198	e607feaca9c7498496a1ef40e76bcb53955fd00aa9fec52c58a167e94976797b
figure_source/scripts/audit_p1_reaction_extraction.py	8244	e14cf687068f544c189ac2b0ff140cf39629f793e048228457ac7dbabe07abbc
figure_source/scripts/build_scientific_recalculation_campaign.py	25179	b4b0aa5dc59c3aa1b1f8a7f62a8236901371e5e8f26af691b7c9d7709c916e00
figure_source/scripts/export_hdf5_fields.py	4850	ea3fc58b2bb63ce1142a5ba99f1891b9dc6cf040c7f2e9d15f2b86f73bd33be0
figure_source/scripts/plot_m4_edge_crack_benchmark.py	12243	c406b278f0e62c6a516aea9b443c9621c0868e34babd4ac1f94236e41c9638de
figure_source/scripts/plot_m4_m5_positive_control.py	13330	04ffbb62e9afe034b4a99b1d0e78c10d509291ccae4d41a2bb852a5fd7a480b6
figure_source/scripts/plot_m5_positive_gate_v4.py	13796	8a0b979c814100bdfcb240a31c4ca873140dd28a9c38ac2b642383ae8fb043c0
figure_source/scripts/plot_p1_recalculation_figure.py	6873	5db24692c9c7bf0af13bea3c39e31762a01a195b5a0228bfab138795da9b6bbf
figure_source/scripts/plot_p2_recalculation_figure.py	6343	9569c7461c5f3942c5eb001de933e6ffe90c8da8a6729ba0a36a0303bfc8cfca
figure_source/scripts/plot_p3_resolved_feasibility.py	20045	570f656ee0dbf4c48da7952ce7fe69d0823f31842d8b9ac147354705ad016de2
figure_source/scripts/redraw_submission_figures.py	39249	5b3e4606f577ad05a195a13886bd6243219d4cf1db10e198aeb57e062aa7182d
LICENSE	698	179f37e2b43a3ba926d2cd079e12421f228dbf7fd646cfa116bed6cf79d61c65
paper/figures/figure_1_workflow_v2.pdf	72907	79df06aebe4b014cab3eca164a3af9e66adaabde76656854771aed90f8e1c948
paper/figures/figure_10_edge_crack_benchmark.pdf	68183	c31825f6e36ac28b8ea79c16b2787fbb4c0cd1895e402c6ec4f2614fef0dfbe8
paper/figures/figure_11_positive_gate.pdf	64441	1a71a0fe9ef6e3b40fa787d74ca9344bf4c778db59a96a4e79688cca66487f2c
paper/figures/figure_2_ebsd_observation.png	1079033	dcba75e052414e42a608b62a3daffdd4f096a3df4aa26604153afb84098211a2
paper/figures/figure_3_graph_fields_hydrogen.pdf	2039368	a69300789e1680c8c80c31c89da2d813790e8ae5f47498274610b375aab94078
paper/figures/figure_4_pilot_diagnostics.pdf	59257	28bdad2ac771d248e23181ba1c6d7484188585e26c4319b521a620a637b6d70d
paper/figures/figure_5_synthetic_factor.pdf	54118	76ea2abf3536a0bcdc7b8a1a1e6ecfa464bbcaa512efb53a1323e38892ff9fdb
paper/figures/figure_6_numerical_verification.pdf	59818	e86c6d8c4be5ca7f2f7959f2fa831e55aeafbd78bc0932ffd038e47785ecec05
paper/figures/figure_7_measured_factorial.pdf	65276	5bed6398bc911ba2d29a46f420bd8d1897a6cf91b3325086b10c1cac51e98203
paper/figures/figure_8_damage_continuation.pdf	496669	6b1425813cb71075f58a7081f73f35f4be11b51fc5d4946329f8c4fe3ac7b7b3
paper/figures/supp_figure_s1_p1_mesh_convergence.pdf	72047	07b6e3e0173883b7cd0a75234599a37e335ec24d168d5ef714c6d9560c4a593c
paper/figures/supp_figure_s2_p2_b_confidence_matrix.pdf	74884	3860c19765376098b18b1319bbcb79bcb694958018ed1650e48051eea851d2db
paper/figures/supp_figure_s3_p3_resolved_feasibility.pdf	40480	821ed077a497a325c806a26c24cb6617bc016e06b48f71a54a7efeaec0453c50
paper/highlights.txt	356	0a1c86b3a6271bf93d8b5dc3e55de4d786b5de14ae15325b60c482d8edb93f66
paper/manuscript.tex	71971	8fa34ca1e6b7f522337b772cc934ead8dcd65f454c3bb2b3f24c4ae9c8a63842
paper/references.bib	13196	f08c12b5200d186672543a4b497846eeb282ff4c1b1b95b648f5684c1e5e93af
paper/supplementary_material.tex	14917	fc26067abffc4e6906cb4128b161907f958eccdc7879e5b4714457b951c44331
pyproject.toml	1238	305a1a2267e4a6e7a17b9dd9762c8c87d64e6fd6f17b1c01f18c24aa2eb2215c
README.md	4344	901a95c467c3887c1929a16180575077d0a6245b1fb161725cfafe35f3d1e093
scripts/solver/_setup.py	6466	13b308efaf647cac5d69747e55dd51fe72f6af07b2aacc4512b6bbb60a9537cb
scripts/solver/70_build_micrograph.py	9798	9d6554f7830d7f347e75ebb2d5ddc0833452e10f51d07b35bf874e9db99c50b4
scripts/solver/76_export_ebsd_gb_chains.py	14474	e30e020c49d16078c63de6dea23eac3a5915211c853df535a61108c219835a7c
scripts/solver/76_ijss_edge_crack_benchmark.py	11128	398018176b6b37693c0920d49024449c26d4f507700dabf030df2fa4faf0ace5
scripts/solver/77_ijss_tip_graded_benchmark.py	9861	9893cec9dc4cdfd8c7482a0326a6079322065152059070df7b1b4d289b464843
scripts/solver/78_ijss_field_representation_positive_control.py	7950	e60efa5348f20f788ca0c47e3bc2ca043fccb7462e6ace56820415982dd550ee
scripts/solver/79_ijss_positive_control_case.py	5840	13bfc92c2fffdcf629812301792f789f4f4c2732c968e031e99be6a032699ae1
scripts/solver/80_ijss_strong_positive_control_case.py	5840	4c99772045a9884232066332882f8722512438e8f7ffffd5326c9da960d455d0
scripts/solver/81_ijss_compression_exposure.py	10486	1d72cf7e702bc27ee9e864d3c68d4ff4b1bd86e08b2b1a4cc7951c8ea7eea6cc
scripts/solver/run_dolfinx.ps1	1766	86d7b9a9d40dd9ac86a1fef41e9d911b5e4b66a5d4de60ec35a1f6d689fae7b4
scripts/solver/run_dolfinx_wsl.ps1	6855	859a1dcbb69543378c4f8563413cfd0c40bcf555515fd97b100d78b739a5c8f1
scripts/solver/test_dolfinx_wsl.ps1	3852	a6987e018e942e3c0914b7dae9d7a764b8be3d8424e1bf0b011b64f6830d7a0f
src/graphfracture/__init__.py	929	edc4b0199244fb38a22f7f788ca40c2a60008c7b1799c0d8a64fbfa9116e7fb5
src/graphfracture/__main__.py	48	935a1c1166b0c1ea35a82256345000bf2c73ded718d77773bc27a71ecce28f7d
src/graphfracture/analysis.py	13464	fef75daee54976bde7f30c4542a49c299b9ee8b59ed67441281cd6c8c14fbf36
src/graphfracture/band_energy_audit.py	11268	28366ef1fd15e4d3b9521ec039ecce237de0728bf34012bb7f505a22a685bb79
src/graphfracture/chain_field.py	28851	35b04cec4724cf04a74bfb8fa1cd5b704cae5195f579f8297594a675eb150822
src/graphfracture/cli.py	3690	b1b816dfb3820c79dff05e4a344edb8edd1d00c981efe8bb20ae1e086bcd78cf
src/graphfracture/comparison.py	44146	779f3296fa0c0a38af3d9a6f3a44880c4fd4dfc46ca4aab30240baf1777b435c
src/graphfracture/config.py	46552	7e2d1fe054303286b50a1381b108a883f98002e48e8c16267e7766caf6f2667d
src/graphfracture/crack_graph.py	41510	e805105c619b0d2854b7617d043d94ca7521354189da34f86fbdb05067db9eee
src/graphfracture/damage_control.py	15810	eeca51eb56449645ce4ca548d04002350c181e2deecb961ffa60c1669d45569e
src/graphfracture/dolfinx_solver.py	306517	b97023feeccda6342dfe77f1916bf326acc2665e3402f8248968d131ebc14dab
src/graphfracture/ebsd_studies.py	47535	f7e5301568a2d378abadd5b045e70f5651b7dba416b9863c339bff7dcbcc9e8e
src/graphfracture/field_audit.py	10353	8e6f36ea0233c519180296e25ae84a1a73098dfc3aae782f31db6c69aa6cffb8
src/graphfracture/gb_graph.py	11412	a51071e88a56bc411ed4e7e7b0c7f8c000f4dcf96eb5d28e1f280e14abdf3cb7
src/graphfracture/homogeneous_at2.py	6131	5d17c4dea70bf016ed5eb32a38d0e8880da706aef76d530beb8af929b38117fb
src/graphfracture/hybrid_runner.py	55679	6b1178ff21c0a9b2788b2de2a32ad1d2d4fdafc2cfbb8f27de8b4d4efc47a680
src/graphfracture/hybrid_state.py	9205	cb03b7c9d34ba85194580b6d4c9cde0b062424e52d80810b14953578d65153e8
src/graphfracture/inclined_studies.py	202160	3c6c92069f8a2dfbbd8783311cb789acafb088f0c24c789426fc96a4904591a6
src/graphfracture/interface_calibration.py	18256	00389df04b0df3697d69322d0d2d8e51cf5b1d6026a423cbf718c8c03550d61a
src/graphfracture/p0a_protocol.py	16600	94c703cc18e05514459e094547a16a92defe302c3acbb9547b84ffba2bbbee1d
src/graphfracture/p0a_qualification_contract.py	63295	f5d5427aca6d94bde092bb00272c5d53ce1d8dc1bad2a01f5417e8e0c8ca36ac
src/graphfracture/path_control.py	29631	6c6011963782332b116eb89de2aa929d52fd7a9a714dc42b1dc17200922964ae
src/graphfracture/path_sensitivity.py	52024	b167af1b6fd65325b5653e17104cd1c7155c606b0188eafc949de53016373cc5
src/inverse_pfm/__init__.py	2483	e3db5e6acaff8995a3af47cd5129da473ede40689f58a1d9ef9f0e0790eaa7e8
src/inverse_pfm/crystallography.py	12848	4550063f3d5d7ec1cbb51b881bee6ffe77e01c6162c708cdef16ee3167b98029
src/inverse_pfm/ebsd.py	10783	4e5f27a363f17e9dde88ba5b4e76e2420482f0b8293e363ba8b432ee9b9f6a54
src/inverse_pfm/gb_chains.py	31895	51ec7483692a14fe9c25258cf93e8bf75a72f862f405994502bc832fab2ff2fe
src/inverse_pfm/graph_pf.py	17554	1017869fc7f3830fb53510303f7f9417df08eebee53603589d5a9dc4f82e5c99
src/inverse_pfm/hydrogen_network.py	10564	47a080076e9b4596ecdd6a03d7135e8bd3ee9f8a794d000b6663924b92b59867
src/inverse_pfm/micrograph.py	25463	db5b0574c44a74a535e4dc5faf0bcc84557a59b33557e3e902e4464dc77c9e0a
src/inverse_pfm/path_search.py	11599	5735a369786eebdc1b136c1588433842866303bb7d67f8bf1a072e409554975b
