case,step,subdivision_level,displacement,displacement_um,load_increment,reaction_y
Homogeneous displacement,1,0,2.0000000000000003e-06,0.0020000000000000005,2.0000000000000003e-06,0.855123728370931
Homogeneous displacement,2,0,4.000000000000001e-06,0.004000000000000001,2.0000000000000003e-06,1.7099493664822718
Homogeneous displacement,3,0,6.000000000000001e-06,0.006000000000000001,2.0000000000000003e-06,2.5641743659939475
Homogeneous displacement,4,0,8.000000000000001e-06,0.008000000000000002,2.0000000000000003e-06,3.4174864551448967
Homogeneous displacement,5,0,1.0000000000000004e-05,0.010000000000000004,2.000000000000001e-06,4.269556894670672
Homogeneous displacement,6,0,1.2000000000000002e-05,0.012000000000000002,1.9999999999999995e-06,5.120036923897464
Homogeneous displacement,7,0,1.4e-05,0.014,1.9999999999999995e-06,5.96854602629471
Homogeneous displacement,8,0,1.6000000000000003e-05,0.016000000000000004,2.000000000000001e-06,6.814660700068249
Homogeneous displacement,9,0,1.8000000000000004e-05,0.018000000000000002,2.000000000000001e-06,7.65790560042524
Homogeneous displacement,10,0,2.0000000000000005e-05,0.020000000000000004,2.000000000000001e-06,8.497724359442353
Homogeneous displacement,11,0,2.2000000000000003e-05,0.022000000000000002,1.999999999999998e-06,9.333459873156254
Homogeneous displacement,12,0,2.4000000000000004e-05,0.024000000000000004,2.000000000000001e-06,10.164300628453551
Homogeneous displacement,13,0,2.6000000000000005e-05,0.026000000000000006,2.000000000000001e-06,10.989222622458922
Homogeneous displacement,14,0,2.8000000000000003e-05,0.028000000000000004,1.999999999999998e-06,11.806871817176257
Homogeneous displacement,15,2,2.85e-05,0.0285,4.999999999999986e-07,12.009943735077012
Homogeneous displacement,16,4,2.8625e-05,0.028625,1.2499999999999965e-07,12.06061859256307
Homogeneous displacement,17,4,2.875e-05,0.02875,1.2499999999999965e-07,12.111255424697111
Homogeneous displacement,18,3,2.9000000000000004e-05,0.029000000000000005,2.500000000000027e-07,12.212411090015925
Homogeneous displacement,19,3,2.925000000000001e-05,0.02925000000000001,2.500000000000027e-07,12.313406489595245
Homogeneous displacement,20,6,2.9281250000000007e-05,0.02928125000000001,3.125000000000076e-08,12.326019531434458
Homogeneous displacement,21,6,2.9312500000000008e-05,0.02931250000000001,3.125000000000076e-08,12.338629775403898
Homogeneous displacement,22,6,2.934375000000001e-05,0.02934375000000001,3.125000000000076e-08,12.35123740108731
Homogeneous displacement,23,6,2.937500000000001e-05,0.02937500000000001,3.125000000000076e-08,12.36384239796498
Homogeneous displacement,24,6,2.9406250000000007e-05,0.029406250000000005,3.124999999999737e-08,12.376444755025652
Homogeneous displacement,25,6,2.9437500000000007e-05,0.02943750000000001,3.125000000000076e-08,12.389044461186764
Homogeneous displacement,26,6,2.9468750000000008e-05,0.02946875000000001,3.125000000000076e-08,12.401641505290833
Homogeneous displacement,27,6,2.950000000000001e-05,0.02950000000000001,3.125000000000076e-08,12.414235876099424
Homogeneous displacement,28,6,2.9531250000000006e-05,0.029531250000000005,3.124999999999737e-08,12.426827562302838
Homogeneous displacement,29,6,2.9562500000000007e-05,0.029562500000000005,3.125000000000076e-08,12.439416552516931
Homogeneous displacement,30,6,2.9593750000000008e-05,0.02959375000000001,3.125000000000076e-08,12.45200283528265
Homogeneous displacement,31,6,2.962500000000001e-05,0.02962500000000001,3.125000000000076e-08,12.464586399042892
Homogeneous displacement,32,6,2.965625000000001e-05,0.02965625000000001,3.125000000000076e-08,12.47716723219379
Homogeneous displacement,33,6,2.9687500000000007e-05,0.029687500000000006,3.124999999999737e-08,12.48974532302242
Homogeneous displacement,34,6,2.9718750000000007e-05,0.02971875000000001,3.125000000000076e-08,12.50232065975463
Homogeneous displacement,35,6,2.9750000000000008e-05,0.02975000000000001,3.125000000000076e-08,12.514893230517526
Homogeneous displacement,36,6,2.978125000000001e-05,0.02978125000000001,3.125000000000076e-08,12.527463023373391
Homogeneous displacement,37,6,2.9812500000000006e-05,0.029812500000000006,3.124999999999737e-08,12.540030026292513
Homogeneous displacement,38,6,2.9843750000000007e-05,0.029843750000000006,3.125000000000076e-08,12.552594227155335
Homogeneous displacement,39,6,2.9875000000000008e-05,0.02987500000000001,3.125000000000076e-08,12.565155613774644
Homogeneous displacement,40,6,2.990625000000001e-05,0.02990625000000001,3.125000000000076e-08,12.57771417386343
Homogeneous displacement,41,8,2.991406250000001e-05,0.02991406250000001,7.812499999997649e-09,12.580852764847474
Homogeneous displacement,42,8,2.9921875000000007e-05,0.029921875000000007,7.812500000001037e-09,12.583991770214713
Homogeneous displacement,43,8,2.992968750000001e-05,0.02992968750000001,7.812500000001037e-09,12.587130607768891
Homogeneous displacement,44,8,2.993750000000001e-05,0.02993750000000001,7.812500000001037e-09,12.590269267495152
EBSD graph hybrid path,1,0,2.0000000000000003e-06,0.0020000000000000005,2.0000000000000003e-06,0.8550368460090614
EBSD graph hybrid path,2,0,4.000000000000001e-06,0.004000000000000001,2.0000000000000003e-06,1.7096609336939743
EBSD graph hybrid path,3,0,6.000000000000001e-06,0.006000000000000001,2.0000000000000003e-06,2.5634503536082214
EBSD graph hybrid path,4,0,8.000000000000001e-06,0.008000000000000002,2.0000000000000003e-06,3.4159615685631843
EBSD graph hybrid path,5,1,9.000000000000002e-06,0.009000000000000001,1.0000000000000006e-06,3.8415908771599376
EBSD graph hybrid path,6,1,1.0000000000000004e-05,0.010000000000000004,1.0000000000000006e-06,4.266718485774754
EBSD graph hybrid path,7,0,1.2000000000000002e-05,0.012000000000000002,1.9999999999999995e-06,5.115191994789108
EBSD graph hybrid path,8,1,1.3e-05,0.013,9.99999999999999e-07,5.538386968743998
EBSD graph hybrid path,9,2,1.35e-05,0.0135,5.000000000000003e-07,5.74968761996278
EBSD graph hybrid path,10,2,1.4e-05,0.014,5.000000000000003e-07,5.960775385376745
EBSD graph hybrid path,11,1,1.5000000000000002e-05,0.015000000000000003,1.0000000000000006e-06,6.382262101297112
EBSD graph hybrid path,12,8,1.5007812500000005e-05,0.015007812500000006,7.812500000001037e-09,6.385551312869144
EBSD graph hybrid path,13,8,1.5015625000000002e-05,0.015015625000000003,7.812499999999343e-09,6.3888402981153245
EBSD graph hybrid path,14,8,1.5023437500000002e-05,0.015023437500000002,7.812499999999343e-09,6.392129220015352
EBSD graph hybrid path,15,8,1.5031250000000005e-05,0.015031250000000005,7.812500000001037e-09,6.3954180802741085
